run_no,sample_size,criterionName,4,5,6,7,8,9,10
1,776,DB,1,0.84501238710235,0.670213848085069,0.503130431565327,0.446230763834654,0.298656597888834,0
1,776,PB,1,0.939126570404349,0.834421165889975,0.623398452641478,0.281492824940365,0.255120055576511,0
1,776,D,0.998258464854945,0.99839615738697,1,0.999609503979176,0.317891299456748,0.317765448482477,0
1,776,KL,0.907954178047523,0,0.96478357516394,0.18845033317903,1,0.209344083964119,0.285589561118047
1,776,KLnrm,1,0,0.723232767934013,0.0513342521851707,0.37768542563771,0.0329430449091919,0.054716705152042
1,776,CV,0.176161871148197,0.514425511690781,1,0.912790906045236,0.817464880910642,0.434493451448784,0
1,776,FVG,0.304493764792635,0.194705664594876,0.330630768053388,0.627295009305613,0,1,0.625979408719119
