run_no,sample_size,criterionName,4,5,6,7,8,9,10
1,1259,DB,1,0.847086974805952,0.674007442675412,0.497891660609746,0.437397840957394,0.313263218608567,0
1,1259,PB,1,0.889906033328187,0.804781277041899,0.565401449894615,0.247637368358689,0.2290760781751,0
1,1259,D,0.707476538512657,1,0.325745963913448,0.805502637915442,0,0.000212749003609845,0.327015100169714
1,1259,KL,0.688664863628636,0.174210989526285,1,0.191924958303322,0.586251627815226,0.606585485823386,0
1,1259,KLnrm,1,0,0.892552195958316,0,0.288307794220187,0.177729254013413,0
1,1259,CV,0.229567174206328,0.589599290670386,1,0.857666167198603,0.777704546737284,0.480942228598582,0
1,1259,FVG,0.394375283790149,0.204550525650363,0.548626830086301,0.673583532930497,0,1,0.617210463395206
