run_no,sample_size,criterionName,4,5,6,7,8,9,10
1,720,DB,1,0.817950391197429,0.657385065065573,0.500071517814634,0.438935039387429,0.239410093984478,0
1,720,PB,1,0.94499852938136,0.718589620033494,0.261522347067333,0.0664109368674422,0.0436650350914285,0
1,720,D,0,8.90561059761367e-05,0.000267797689702093,0.917863364646677,0.91314008682813,1,0.00175169898910306
1,720,KL,0.571263829226636,0.122812994141647,0.436785310839122,0.0523664638403352,1,0.174336842828817,0
1,720,KLnrm,1,0,0.447764530019237,0,0.614325926090107,0.00718205820800469,0
1,720,CV,0.949071309107118,1,0.88620292755851,0.745069724763807,0.758830913567616,0.377412677974772,0
1,720,FVG,0.921797518509459,0.965451593374799,0,0.918716467061523,0.821548532539149,0.83163935501213,1
