run_no,sample_size,criterionName,4,5,6,7,8,9,10
1,2462,DB,1,0.856392317153132,0.672649824377561,0.485290690000238,0.42518576680943,0.316838717167227,0
1,2462,PB,0.967684327033783,1,0.977218465674769,0.778926828957998,0.414085674726104,0.224612559661253,0
1,2462,D,0.758033243871095,0.53491269945894,1,0.460784863093702,0,0,0.14446351917466
1,2462,KL,0.66437164461334,0.0663807942324277,1,0.182119001449857,0.519910507701938,0.123601674202947,0
1,2462,KLnrm,1,0.0501038415451189,0.807460383808398,0.110518432148211,0.238271017475248,0.0396693369485899,0
1,2462,CV,0,0.49802164312913,0.955321447352582,1,0.912581652759562,0.738408634442734,0.476340499135162
1,2462,FVG,0.0531006551920716,0,0.156941203908515,0.468274027749778,0.150658512984242,0.37919395728101,1
