run_no,sample_size,criterionName,4,5,6,7,8,9,10
1,905,DB,1,0.834494914406797,0.658255068266378,0.493836334141406,0.417974314331894,0.303861975254448,0
1,905,PB,0.800482665192293,1,0.732958014417068,0.565334053051246,0.275315684522484,0.222960136886154,0
1,905,D,1,0,0.995402741062208,0.20142410201955,1.32276941281817e-05,1.32276941281817e-05,1.27792977170569e-05
1,905,KL,1,0.215764753354708,0.51400055930503,0.371098582853326,0.826202358573572,0.303440898524804,0
1,905,KLnrm,1,0.0229452265125597,0.312335190373845,0.146488330275635,0.305412170486759,0.0463174050953216,0
1,905,CV,0.186986738728808,0.570772460528051,0.98172371339298,1,0.781494963502244,0.439555359992177,0
1,905,FVG,0.763021992731573,0.96301450134266,0.888924186972322,1,0.770509521270542,0.998817180175916,0
