run_no,sample_size,criterionName,4,5,6,7,8,9,10
1,2753,DB,1,0.848833556667334,0.689981253724976,0.521734250105596,0.428980311794166,0.319171492981198,0
1,2753,PB,0.707181518093498,1,0.760956762684555,0.574848894135889,0.296574455185087,0.259914786563312,0
1,2753,D,0.369520410095828,0.836505960769167,1,0.369535954118353,0.369522240916033,0,0.836509407018964
1,2753,KL,0.603514832276254,0,0.757634734203908,0.442590128780068,0.351766907741431,1,0.296860284241828
1,2753,KLnrm,1,0,0.902088077277768,0.33397039065245,0.186901902905457,0.310392728341193,0.0529438933435643
1,2753,CV,0.436108189487809,0.665025268115759,1,0.989595219215967,0.793450075945676,0.45742802268998,0
1,2753,FVG,0.714047678795338,0.892011500581924,0.857061959593965,1,0.733464928524358,0,0.667534882686417
