run_no,sample_size,criterionName,4,5,6,7,8,9,10
1,869,DB,1,0.834842335936289,0.668577518539332,0.496708615867438,0.423371937464626,0.267522055105028,0
1,869,PB,1,0.960731150963509,0.760708506161043,0.688069502974201,0.295004335651204,0.229525508541509,0
1,869,D,0.28253569314473,0,0,0.90081549413573,0.90081549413573,1,0.491189477437022
1,869,KL,0.927453810910718,0.0991470829495251,1,0.455297892907254,0.819352031310044,0,0.487891112789452
1,869,KLnrm,1,0,0.74028478697204,0.188265297134725,0.277340626588049,0,0.131802375242807
1,869,CV,0.0687461727839638,0.466126794886215,1,0.898221394640995,0.697110825067935,0.358437093412537,0
1,869,FVG,0.705147118576421,0.72016050582493,0.630930651188078,1,0.603317625656911,0.844080611217506,0
