run_no,sample_size,criterionName,4,5,6,7,8,9,10
1,2662,DB,1,0.831734553974985,0.662870808265263,0.475097444072913,0.423934460934519,0.274576340121175,0
1,2662,PB,0.932618234907896,1,0.886068018971416,0.677843775360812,0.21634633030329,0.157344593023967,0
1,2662,D,0.99999238441445,1,1,0.999910516869791,0,0.750021577492391,0.749928921201536
1,2662,KL,0.674436614044288,0,1,0.133738656390922,0.382966481166866,0.0837016630803211,0.412129587229427
1,2662,KLnrm,1,0,0.874369045905695,0.0191209992707375,0.187521137202411,0,0.149106935161324
1,2662,CV,0.432089159403742,0.573782568059706,1,0.771025649289361,0.592031577800389,0.312710156737984,0
1,2662,FVG,0.657908090031245,0.680126108450457,0.778260855222254,1,0.621687586291289,0.734018334453969,0
