run_no,sample_size,criterionName,4,5,6,7,8,9,10
1,1544,DB,1,0.855539214630028,0.695733522573121,0.516940285400091,0.45706125173476,0.338236104105329,0
1,1544,PB,0.919293751112029,0.825695430322591,1,0.787402436945619,0.299021663259555,0.194525768590949,0
1,1544,D,1,0.776137067994418,0.529222107501528,0.703301456049164,0.674942471857695,0.674942471857695,0
1,1544,KL,0.300617665512738,0.0155173097297824,1,0.12585522243234,0.421630231087849,0.240744194372652,0
1,1544,KLnrm,0.424808877548706,0,1,0.0069955904068128,0.215360183432144,0.0683097999851687,0
1,1544,CV,0,0.372400261425834,1,0.916604039225071,0.770875930489838,0.43778750893928,0.0162257554828751
1,1544,FVG,0.321083051556385,0,0.287555666591633,1,0.148743450266837,0.727093901767557,0.60927334667897
