run_no,sample_size,criterionName,4,5,6,7,8,9,10
1,746,DB,1,0.802738488514386,0.589919148987137,0.40638476523624,0.384999537417481,0.260328519837222,0
1,746,PB,1,0.930660215265592,0.355002814613885,0.258289294171498,0.35084529785657,0.257210247423057,0
1,746,D,0,0.000121677164566448,0.000292513298198423,0.182113991397994,1,0.156524481805777,0.488254550952574
1,746,KL,1,0.23351267806207,0.537198498852749,0,0.759814941791401,0.262463941702778,0.630399670103785
1,746,KLnrm,1,0.0361389633195107,0.258236993571789,0,0.470931303309342,0.0441587307625351,0.160882908518514
1,746,CV,0.0727245126022253,0.269327946443736,0,0.273901692270926,1,0.571800895510274,0.296265400507125
1,746,FVG,0.71122783680037,0,1,0.20185496877069,0.638197384873745,0.96031805294256,0.9239939593846
