run_no,sample_size,criterionName,4,5,6,7,8,9,10
1,1103,DB,1,0.849518315780603,0.686839336223439,0.514386469811857,0.44339878525755,0.333636576572248,0
1,1103,PB,0.508037769868911,1,0.791124387843637,0.54382830453267,0.364195913328558,0.222405386076053,0
1,1103,D,0.336789367351474,1,0.098522185142595,0.404181390714711,0.098522185142595,0.098522185142595,0
1,1103,KL,0.566272518444359,0.111061336515597,0.788937981564629,0.33443211892724,0.453037832275614,1,0
1,1103,KLnrm,0.941262790965958,0,1,0.201526603069981,0.271250386498651,0.374748264621649,0
1,1103,CV,0.244304138267486,0.472764114907115,1,0.959647691594517,0.874238611819052,0.548792608891921,0
1,1103,FVG,0.698229176148281,0.806041315680461,0.814933556530427,0.811417623793457,0.789364415112499,1,0
