run_no,sample_size,criterionName,4,5,6,7,8,9,10
1,2840,DB,1,0.804814201313228,0.628636938485455,0.440818135349478,0.381299321422043,0.237886413328843,0
1,2840,PB,1,0.523082909101513,0.443997254345547,0.401832990221822,0.126389301439067,0.107954192969421,0
1,2840,D,0.985214648231531,0.985154877834419,1,0.985161765438774,0.372320561845819,0,0
1,2840,KL,1,0.25497522134416,0.723202077324309,0.263632401688459,0.62302222241413,0.539844815102197,0
1,2840,KLnrm,1,0,0.411343712473372,0,0.221999443670748,0.113937582099318,0
1,2840,CV,0.892818378579732,0.842854665613379,1,0.82567612698535,0.611168378258608,0.318274214369665,0
1,2840,FVG,0.151242520030622,0.232232977497185,0.125103406035025,1,0,0.579535831127445,0.00657965829672724
