run_no,sample_size,criterionName,4,5,6,7,8,9,10
1,1431,DB,1,0.628923373711474,0.413257421986047,0.551056798221619,0.460068322108814,0.132611899172339,0
1,1431,PB,1,0.844249537556396,0.516266334920536,0.727407113648703,0.350982094702776,0.327901111162418,0
1,1431,D,0,0.960484039789456,0.939216008152672,1,0.644385474790222,0.93891239140857,0.731466251000886
1,1431,KL,0.401593036006352,0.48181028229762,0.277822664239598,0.43165381028178,1,0.323903854433428,0
1,1431,KLnrm,0.947846858950572,1,0.188837122802311,0.583094569843765,0.884875617801464,0.0939482320918477,0
1,1431,CV,0,0.573368048615239,0.817444948329435,0.954789229263633,1,0.758203562037126,0.607378987563242
1,1431,FVG,0.624362894937066,0.882725484960165,0.135785409336071,1,0.357144956303292,0,0.312368810051204
