run_no,sample_size,criterionName,4,5,6,7,8,9,10
1,3883,DB,1,0.620975860382455,0.359846400355447,0.541039864828143,0.403708568157832,0.127445975701426,0
1,3883,PB,1,0.652402000794141,0.587967660813553,0.545008217153446,0.413070972675667,0.382843061560634,0
1,3883,D,0.922144101141715,0.98864735857576,0,1,0.805392504676514,0.61691285557634,0
1,3883,KL,0.493984698037899,0.350592605526983,0.489348647850784,0.293504155803379,0.87649476459352,0,1
1,3883,KLnrm,1,0.412640675677884,0.595322600318791,0.148168294835151,0.608230947317758,0,0.528026026065641
1,3883,CV,0,0.574287806773683,0.940262457776582,1,0.977906316324395,0.546907601709862,0.47902131348459
1,3883,FVG,0.74487192262193,0.154438817644352,0.0464790078495839,0.168617718296379,0,0.852685423677774,1
