run_no,sample_size,criterionName,4,5,6,7,8,9,10
1,3192,DB,1,0.631999571085456,0.50812672403853,0.428554918343485,0.410142004152401,0.106341039661215,0
1,3192,PB,1,0.650961085718108,0.281637881413226,0.814960882657642,0.333931591722761,0.215496306904942,0
1,3192,D,0.796097894176332,0,0.226219239832731,1,0.354679116142536,0.387830277440002,0.226246009061235
1,3192,KL,0.299061675828906,0.156213341897896,1,0,0.771770128369295,0.0341307343284738,0.574170005539302
1,3192,KLnrm,0.556436874822981,0,1,0,0.615094146751063,0,0.335648683229785
1,3192,CV,0,0.433691756272401,1,0.482558042911037,0.746170635909879,0.392403871189333,0.386902882340884
1,3192,FVG,0.989636593134749,0.919606908672906,0,0.837340519895174,1,0.857136360264164,0.618090162123521
