run_no,sample_size,criterionName,4,5,6,7,8,9,10
1,2064,DB,1,0.616261085409239,0.37095118846709,0.56305425738812,0.404460562044943,0.231176998492694,0
1,2064,PB,0.981178153565146,0.960742582659601,1,0.724107669636387,0.621939917724298,0.401182948940034,0
1,2064,D,0,0.792705693731215,0.792705693731215,0.246937788559089,0.815203444950968,1,0.247080791651531
1,2064,KL,0.628006151287958,0.314290978459245,0.525327829472697,0.45477344438013,0.480006824951612,1,0
1,2064,KLnrm,1,0.261366275857485,0.521177282279476,0.320983496567521,0.26490858699948,0.373012357307255,0
1,2064,CV,0.427924541033464,0.686223051229775,0.874783710965553,1,0.81198638885274,0.515437855762325,0
1,2064,FVG,0.135597621839131,0,0.189420935351234,0.0190834215505216,0.16124491653332,1,0.222405498387687
