run_no,sample_size,criterionName,4,5,6,7,8,9,10
1,782,DB,1,0.611879352988485,0.435384186927837,0.536254675617105,0.421591987965343,0.166491970421403,0
1,782,PB,1,0.961012106290715,0.868364501389119,0.889754119248888,0.603037130188132,0.619249927969703,0
1,782,D,1,0.0429882084497297,0.0431324996706396,0.0446139492865651,0,0.57316541778582,0.0455496016755706
1,782,KL,0.341480888293266,0.181444518365507,1,0,0.89981670674813,0.0588687666344395,0.586783707757032
1,782,KLnrm,0.545438491851698,0,1,0,0.671705694367528,0,0.293430106171208
1,782,CV,0,0.455011082360421,1,0.767878846283849,0.942469532498429,0.571042892546411,0.392445008910477
1,782,FVG,0.377378198562781,0.29108585473738,0.0765983495111757,0.393055403463535,0,1,0.0979338320632281
