run_no,sample_size,criterionName,4,5,6,7,8,9,10
1,2995,DB,1,0.601276138697513,0.358155014165392,0.523050742654197,0.415206868912815,0.174307497356229,0
1,2995,PB,0.869490124223753,0.874867352044652,1,0.885077316534885,0.663296582698597,0.624152443018789,0
1,2995,D,1,0.514623452033203,0.174285055687436,0,0,0.181900772651824,0.884638419111687
1,2995,KL,0.118725327405386,0.0474424266829371,0.317321033474308,0.0427120748490854,0.501940588101828,0,1
1,2995,KLnrm,0.68466713969037,0.339341571241839,1,0.178874321021644,0.791269536643779,0,0.564142260647843
1,2995,CV,0,0.404887671385653,0.862837107825711,0.947752382147313,1,0.814074709158459,0.572944940507308
1,2995,FVG,0.157749849649029,0,0.12403667828946,0.151005719176467,0.0148963452759836,1,0.25441481788686
