run_no,sample_size,criterionName,4,5,6,7,8,9,10
1,2478,DB,1,0.720420288426104,0.504685361155449,0.500193005788252,0.425372942455209,0.0954283072671618,0
1,2478,PB,1,0.427348816809174,0.55005991626926,0.730848102006469,0.645702038535306,0.296431422938832,0
1,2478,D,0.46370279083311,1,0.384181796969918,0.906842307347078,0,0,0.38419485291442
1,2478,KL,0.624154635664312,0.672066666061071,0.69511300488862,0.190053703983847,1,0,0.35920378648162
1,2478,KLnrm,1,0.760923989275462,0.510014443854899,0,0.496402784698825,0,0.0995021524439531
1,2478,CV,0,0.523010851114883,0.918470001688544,0.820351542943813,1,0.78859803477215,0.709081698852679
1,2478,FVG,0.970213322012416,0.204150611607957,0,0.469763413873192,0.996589955982777,1,0.804648431626423
