run_no,sample_size,criterionName,4,5,6,7,8,9,10
1,5265,DB,1,0.758932807360054,0.5311135093993,0.466923629783954,0.428571923811815,0.0532872163190483,0
1,5265,PB,1,0.605854062871928,0.385254173676806,0.710193890438905,0.274789763692422,0.186511666523014,0
1,5265,D,0.81030565864927,1,0.474709570589354,0.47474313712599,0,5.59021643980441e-05,0.222979474315227
1,5265,KL,0.231137624792906,0.318254698347972,0.251885548790871,0.12911984014631,1,0,0.369797671250027
1,5265,KLnrm,0.687593795195458,0.973324047745101,0.419786701500739,0,1,0,0.622956279595591
1,5265,CV,0.625856423496824,1,0.938029734374065,0.696707674683036,0.341413536920039,0.112452017201139,0
1,5265,FVG,0.928823978034944,1,0.228598113796659,0,0.836392665051873,0.83770975570266,0.818617529109059
