run_no,sample_size,criterionName,4,5,6,7,8,9,10
1,776,DB,1,0.785382636438457,0.578745137759532,0.591822387282003,0.42835808478021,0.263643280146767,0
1,776,PB,1,0.98987698588275,0.646714015081615,0.40092285554623,0.237460102150652,0.220281719740051,0
1,776,D,0.186222669553783,0.186005562181247,1,0.861671879750817,0,0.000102115681386326,0.000102115681386326
1,776,KL,1,0.173479178917437,0.581197352782381,0,0.396286012513198,0.0748515016291173,0.380394642001962
1,776,KLnrm,1,0.181507833247168,0.32177519655436,0,0.129380831571747,0.0020035209176722,0.054894318826554
1,776,CV,0.200775858342818,0.758731107813333,1,0.993489489532756,0.799288976616191,0.408933897157347,0
1,776,FVG,0.318236293298964,0.764384653189189,0.548739281824011,0.460096416245981,0,0.747336986624116,1
