run_no,sample_size,criterionName,4,5,6,7,8,9,10
1,2863,DB,1,0.817758367869626,0.580822761767826,0.616446633593571,0.417349578560089,0.299307696643977,0
1,2863,PB,1,0.801856569749111,0.927546788722628,0.669407610619255,0.386920056002716,0.122786799497957,0
1,2863,D,0,1,2.85622187131496e-05,0.000152603854267399,0.0269986412544526,0.0270402604874347,0.0270402604874347
1,2863,KL,0.956042521934834,0.100920310696124,0.749778178103596,1,0,0.77650959301057,0.0456458981067186
1,2863,KLnrm,1,0,0.553662063655944,0.416686525005969,0,0.24207474864852,0
1,2863,CV,0,0.436358161011845,0.922556658699284,1,0.6407632020546,0.455207145644013,0.00836575212221535
1,2863,FVG,0.704028534032028,0,0.570502535728989,1,0.603043685261632,0.269806831108985,0.607494598471097
