run_no,sample_size,criterionName,4,5,6,7,8,9,10
1,905,DB,1,0.786172354557508,0.546667101024137,0.579363635421153,0.354587237625059,0.191757595338594,0
1,905,PB,0.887852301789374,1,0.910163782758799,0.566779538199501,0.349402115123288,0.285788545376201,0
1,905,D,0.822811297488901,1,0.6245066627357,0.806558673850391,0.867289484023748,0.867158678395086,0
1,905,KL,0.722359600434945,0.578907954879277,0.572036587800945,1,0,0.856558481965582,0.162756352865954
1,905,KLnrm,1,0.534771278613105,0.401358569995268,0.528639251049467,0,0.388716761655704,0
1,905,CV,0,0.733496649236465,1,0.988421951887397,0.697112948688308,0.425946240208834,0.139151380396517
1,905,FVG,0.0741663407698976,0.257003877396172,0.87102828789841,0.920055269248249,0,1,0.491466480570991
