run_no,sample_size,criterionName,4,5,6,7,8,9,10
1,2662,DB,1,0.772754621830145,0.57298045553794,0.598017528944336,0.431274115428203,0.263856106673269,0
1,2662,PB,1,0.990987355261405,0.798337387082928,0.56723468496692,0.272349316453948,0.195940165669263,0
1,2662,D,0.81593550765829,0.999964226285354,1,0.834935289502512,0.785620585047162,0.785633041965655,0
1,2662,KL,1,0.213089010634884,0.634505763970001,0.760014892145378,0.353769934810259,0.585097284846967,0
1,2662,KLnrm,1,0,0.391475850703662,0.301559817642791,0.0530557037126302,0.116590482442679,0
1,2662,CV,0.510811386908848,0.69477364314283,0.946480991327729,1,0.780452394819128,0.402269526876992,0
1,2662,FVG,0.152390554627777,0.229301489559549,0.237079416273841,0.685267044445862,0,1,0.563682656693224
