run_no,sample_size,criterionName,4,5,6,7,8,9,10
1,2403,DB,1,0.806281363452526,0.63716996835532,0.625519801425978,0.534892898157401,0.418753341346347,0
1,2403,PB,1,0.403314325674153,0.797336625500192,0.329319997755341,0.127813917750506,0,0.0401962350158205
1,2403,D,0.505498629485365,0.505866114561767,0.454141371606368,0,0.000182280395987102,0.000182280395987102,1
1,2403,KL,1,0,0.0686706876313537,0.0909119384887705,0.0886186235636149,0.142754912261081,0.00791894992345243
1,2403,KLnrm,1,0,0.146722715148447,0.175877713637541,0.0995142071562742,0.0850564140274795,0
1,2403,CV,0.313468870113906,0,0.957864788937371,0.967553814928104,1,0.774322294440358,0.513352703155739
1,2403,FVG,0,0.947986042129581,0.989970997945456,0.975747169279443,0.974111578290312,0.944227143339106,1
