run_no,sample_size,criterionName,4,5,6,7,8,9,10
1,2840,DB,1,0.803458274323412,0.607381758959269,0.634684735242132,0.420139635627708,0.296333499449808,0
1,2840,PB,1,0.31877789287418,0.16272796652052,0.120793445457069,0,0.113514729081208,0.00598920501176137
1,2840,D,0.985214648231531,1,0.726952482523352,0.372320561845819,0.00201728920754095,0.0523822704031225,0
1,2840,KL,1,0.223668086733187,0.331861902759621,0.668539363209369,0.0454172932971359,0.719874906022108,0
1,2840,KLnrm,1,0.0692120252840426,0.156878523680134,0.244340854697238,0,0.176790992849335,0
1,2840,CV,0.771200407276727,0.805792916878016,0.920151836925804,1,0.708327062535186,0.463098907673413,0
1,2840,FVG,0.651348711771017,0.530340841446682,0.30175471395281,0.525565843018601,0,0.634622809800829,1
