run_no,sample_size,criterionName,4,5,6,7,8,9,10
1,3109,DB,1,0.619779113782119,0.429764348778508,0.524557256862484,0.422802418545907,0.0991047305992554,0
1,3109,PB,0.990441638606335,1,0.717808011151568,0.807070150244204,0.439715347099574,0.439237385139904,0
1,3109,D,0,0.733555504354346,0.270682055533254,0.351955793825926,0.351886117953335,1,0.270682055533254
1,3109,KL,0.761153527376975,0.296996219347565,0.640141661826462,0.423804952617541,0.983528414796076,0,1
1,3109,KLnrm,1,0.0694681866538194,0.516437594026765,0.183529232708959,0.386947440955841,0,0.335020680123134
1,3109,CV,0,0.541326564783505,1,0.908794592487391,0.9652155843799,0.608314256716028,0.455922280744838
1,3109,FVG,0.230097762687771,0.437188587060228,0,0.662460625492518,0.0303090626438561,1,0.402953655889658
