run_no,sample_size,criterionName,4,5,6,7,8,9,10
1,844,DB,1,0.698461572551284,0.54215112812105,0.461929473358101,0.420634219531543,0.0839762303044765,0
1,844,PB,0.956189817053753,0.806430641130837,0.0913716995132612,1,0.263408049774778,0.0622004028598503,0
1,844,D,0.581514859030058,1,0.304829362287464,0.948814784530656,0,0.30593557564446,0.766648962129276
1,844,KL,0.00339138036019964,0.00353928933370658,0.00722272285853624,0.000958538738050676,1,0,0.0128502540950309
1,844,KLnrm,0.755039547617764,0.600644238444884,0.795530855313734,0,0.923911543448024,0,1
1,844,CV,0.679459216892838,1,0.859825605556738,0.69260007684929,0.447495993977375,0.063368413099026,0
1,844,FVG,0.989895959788154,0.356065324572109,0.916699084271178,0,0.919716207112248,0.970579586114928,1
