run_no,sample_size,criterionName,4,5,6,7,8,9,10
1,1588,DB,1,0.593805403187103,0.395610216394668,0.558599412612988,0.493576590058228,0.0717332788810692,0
1,1588,PB,1,0.658512741037497,0.718123182107351,0.896089933885375,0.651047665628297,0.526701645569547,0
1,1588,D,0.0429286066768294,0.213749059301629,0,0.329258820854578,0.329332588898283,1,0.452143532988451
1,1588,KL,0.555989731046218,0.108644201207494,0.672681640896645,0,1,0.15543493643557,0.121854085477595
1,1588,KLnrm,1,0,0.754974290046469,0,0.688909344976579,0.00891354988199363,0
1,1588,CV,0,0.36962881208459,0.77453392136216,0.678362959616327,1,0.838745981144085,0.782406397212809
1,1588,FVG,0.802550662507396,0.228701326283043,0,0.447007928981709,0.371186936220788,0.209059595944864,1
