run_no,sample_size,criterionName,4,5,6,7,8,9,10
1,3806,DB,1,0.638272110968227,0.40328052063155,0.54541432999334,0.423658263193245,0.134562695745654,0
1,3806,PB,1,0.743309471567237,0.779171680240944,0.762966750544883,0.555601860778432,0.508854806075354,0
1,3806,D,1,0,1.642840197808e-06,0.318923586459793,0.35083087441607,0.350842511200805,0.5531658112451
1,3806,KL,0.17782198049444,0.110162771478657,0.320042663861563,0.0641881450849403,0.401113870063963,0,1
1,3806,KLnrm,0.810328672028487,0.13976866931662,1,0,0.644449835651825,0,0.728097749941381
1,3806,CV,0,0.482529768004111,1,0.864238892502532,0.840026493449405,0.263360331702739,0.115632620208086
1,3806,FVG,0.71192411571498,0.0239752756894375,0,0.289589933032181,0.0476070232285184,1,0.942507842022499
