run_no,sample_size,criterionName,4,5,6,7,8,9,10
1,1844,DB,1,0.573886553288505,0.411750053830031,0.477288987359441,0.402734455005358,0.15882459246109,0
1,1844,PB,0.735157991543129,1,0.74823410576182,0.885287205638676,0.53709889245741,0.501904295410698,0
1,1844,D,0.193739965738047,1,0.562737958405228,8.77580883170924e-05,0,0.562683296432943,0.0454621061215217
1,1844,KL,0.488987798266619,0.0795846319822627,0.751437359852765,0,1,0.300968009209863,0.315723784314276
1,1844,KLnrm,1,0,0.943459465213503,0,0.680104331140106,0.117394193058253,0.0943937066807275
1,1844,CV,0,0.355727421222555,0.835773280469942,0.791083520579146,1,0.586347799190689,0.143472470392155
1,1844,FVG,0.817595841546148,0.950938655600708,0.784529629128129,1,0.833423460508031,0,0.816115053339253
