run_no,sample_size,criterionName,4,5,6,7,8,9,10
1,957,DB,1,0.634871532461004,0.420175234061236,0.500053478345041,0.41364267500341,0.0992535763639724,0
1,957,PB,1,0.825974158801049,0.635209013403079,0.622652311844951,0.2858273619365,0.310378242610223,0
1,957,D,0.933418002545937,0,0.000770754517542979,1,0.874419608369975,0.874419608369975,0.000237628554923914
1,957,KL,0.253870225734753,0.326405405759946,0.662256379495257,0.133262366532987,1,0,0.704663487465546
1,957,KLnrm,0.247186964652099,0.560099299185888,1,0,0.733478510276591,0,0.568413221212078
1,957,CV,0.320774637720277,0.817106959612229,1,0.745772095516557,0.685483577363967,0.201755564287624,0
1,957,FVG,0.707120874591781,0.612887749587444,0.252535340937859,1,0,0.883192234196933,0.757447773465119
