run_no,sample_size,criterionName,4,5,6,7,8,9,10
1,2845,DB,1,0.591521454515266,0.468843214388026,0.453190443268079,0.424201952677437,0.119760123615347,0
1,2845,PB,1,0.558421798138378,0.683538620506286,0.759406157606841,0.591618190801642,0.435894306073808,0
1,2845,D,2.02439377267186e-06,0,1,2.86430182729104e-05,0.492588371356689,0.492538579884323,0.492538579884323
1,2845,KL,0.345453776658226,0.108213874779102,1,0,0.795601254526088,0.046129656570953,0.506908565090447
1,2845,KLnrm,0.760719748547714,0,1,0,0.652726907666931,0,0.278168083868512
1,2845,CV,0,0.344648220548014,0.911085009871862,0.599833324943649,1,0.778975451784486,0.675941182721725
1,2845,FVG,0.648880738462044,0.103187337069452,0,0.237066088243894,0.422574154506567,1,0.526971124344384
