run_no,sample_size,criterionName,4,5,6,7,8,9,10
1,876,DB,1,0.650537354648938,0.37999489047179,0.516236443800944,0.411833025979993,0.141697695792434,0
1,876,PB,1,0.812657186856445,0.44467819977766,0.751547189468633,0.410908464094573,0.435784613001403,0
1,876,D,1,0.209611899625298,0.213231293289429,0.299068468263881,0,0.213913932099466,0.213913932099466
1,876,KL,0.317578993635723,0.301810655301087,0.344261090312019,0.0838870233276894,0.790544280983663,0,1
1,876,KLnrm,1,0.685785647286452,0.604215607658088,0,0.970783266243782,0,0.726955294422029
1,876,CV,0,0.516608352983237,0.845138674090112,0.777576480638652,1,0.689818069341732,0.430061741537151
1,876,FVG,0.599804863018606,0.796506662408122,0,0.657902655620428,0.211187609987976,1,0.49654231336594
