run_no,sample_size,criterionName,4,5,6,7,8,9,10
1,2733,DB,1,0.843082416701292,0.672858947715545,0.500210324572473,0.419005605838277,0.329576124729643,0
1,2733,PB,0.865062159937573,1,0.774402184951202,0.655500326032347,0.344755155052432,0.204558573581759,0
1,2733,D,0.999787099720794,0.999812001938542,0,0,0,0.999812001938542,1
1,2733,KL,1,0.227320625577472,0.654431097619756,0.514398479481925,0.367028888554011,0.596300283176044,0
1,2733,KLnrm,1,0.00201742884467026,0.394812053099156,0.198013053324335,0.0832958133988373,0.146531095713665,0
1,2733,CV,0.150392277778967,0.503977247305218,0.980669157998557,1,0.73819421883906,0.432419866588594,0
1,2733,FVG,0,0.399117155353848,0.173138756951545,0.929219958129842,0.237447799797745,0.699953643249862,1
