run_no,sample_size,criterionName,4,5,6,7,8,9,10
1,2863,DB,1,0.865419113755188,0.670408532199118,0.463779154595813,0.364611726141228,0.291435472499097,0
1,2863,PB,1,0.940706703335568,0.919665545837006,0.790424560421868,0.47497136341802,0.286123002697381,0
1,2863,D,0,0.406577387696037,1,3.51657451140349e-05,0.844340156261974,0.84438527457646,0.490992427089965
1,2863,KL,0.722206351809315,0,1,0.199095154004371,0.146151027830691,0.294224497315384,0.0198936456984999
1,2863,KLnrm,1,0.132542786888998,0.683766491835347,0.134634020562973,0.0796468787518263,0.094588444670892,0
1,2863,CV,0,0.584016918738785,1,0.929493603038848,0.711422090683818,0.414202263599854,0.0105256616407603
1,2863,FVG,0.151581529618826,0,0.0893821315169731,0.522786614303177,0.230565289133944,1,0.437373447302925
