run_no,sample_size,criterionName,4,5,6,7,8,9,10
1,1632,DB,1,0.841810235558665,0.641865043437656,0.467244247834673,0.436999244238663,0.287615820622317,0
1,1632,PB,0.952389628384852,0.933129320892112,1,0.716219283892746,0.0702651866920208,0.0199153879037132,0
1,1632,D,1,0,0,0.000154607208259837,0.114032080984618,0.114117207043307,0.114091953275114
1,1632,KL,0.514774518120354,0.288217960152774,0.701678110684451,0.44174455670571,1,0,0.2779698656708
1,1632,KLnrm,1,0.307769296316901,0.938847618735873,0.368445798043991,0.559616747356968,0,0.0819899136337815
1,1632,CV,0,0.434158799581126,0.981763415642262,1,0.918157220221612,0.754933847813657,0.419659328455278
1,1632,FVG,0.201008243180282,0.0607661341325999,0.306987133302402,1,0.0486273610682095,0,0.936536244656842
