run_no,sample_size,criterionName,4,5,6,7,8,9,10
1,2403,DB,1,0.833723980019613,0.624956799760706,0.407221719445465,0.368374463105018,0.175968998289268,0
1,2403,PB,1,0.665567790472531,0.456210591660878,0.732812273674564,0.471002852624266,0.430356060718034,0
1,2403,D,1,0.551702518139138,0,0.978284037558685,0.910834186939821,0.781190567648314,0.00951984635083227
1,2403,KL,0.518414255101216,0.201819286806766,0.333049846060183,0,0.648060684002887,0.0189459860068194,1
1,2403,KLnrm,1,0.163852253673794,0.223593611147752,0,0.444120801758155,0,0.315509438781414
1,2403,CV,0.102142749909721,0,0.665592113360302,0.749132715786399,1,0.698930991902642,0.614455818885359
1,2403,FVG,1,0.832347836996333,0,0.734987647126843,0.555379327609856,0.785235923190515,0.5556449287998
