run_no,sample_size,criterionName,4,5,6,7,8,9,10
1,1431,DB,1,0.913322638105806,0.938239764975006,0.820139901448612,0.733441718052605,0.252820554878666,0
1,1431,PB,1,0.704470679600051,0.836218553283004,0.879846770760994,0.458421260930278,0.219567045259377,0
1,1431,D,0.890586606910424,0,0.665209515500322,1,1,0.640484440182521,0.640484440182521
1,1431,KL,0.218997827944159,0.339946753200826,0.0708589110280381,0.456103495678693,0.632099291814198,0,1
1,1431,KLnrm,0.535338994764407,0.889177768554594,0,1,0.665453169722582,0,0.571764205755394
1,1431,CV,0,0.564491046466271,0.622903381567801,0.983843945087972,1,0.742841726680517,0.559703685374492
1,1431,FVG,0.706335463724295,0,0.0760206847850837,0.34936875245623,1,0.729255119417615,0.416167757388317
