run_no,sample_size,criterionName,4,5,6,7,8,9,10
1,3109,DB,1,0.912283218294356,0.928156993238155,0.815073355443296,0.724944638669024,0.24955098623264,0
1,3109,PB,1,0.748783230359957,0.806883940809283,0.886846642060207,0.59612209089848,0.282481897541969,0
1,3109,D,1,0,0.0925300683875305,0.240067424801585,0.745997496904911,0.0925300683875305,0.196761515166358
1,3109,KL,0.074284842717907,0.258704595103089,0.0499766872452717,0.175443732643511,0.281357092891325,0,1
1,3109,KLnrm,0.177097168329495,1,0,0.461352621633392,0.479478969289023,0,0.564526612527855
1,3109,CV,0,0.59258804379764,0.683647087904656,0.920703448683288,1,0.752992315357935,0.491195231573105
1,3109,FVG,0.715313186913225,0.290126199112689,0.22844767363294,0.836764723287086,0.89678968043284,1,0
