run_no,sample_size,criterionName,4,5,6,7,8,9,10
1,844,DB,1,0.873451667352444,0.851398706839569,0.686461252987961,0.652869524429705,0.208473934469198,0
1,844,PB,0.797673091474877,0.949567987034116,1,0.884864073075803,0.121025586628677,0,0.153966844046099
1,844,D,0.897227722092957,1,0.858854887319649,0.567851123058257,0.510079020935568,0,0.394240819613706
1,844,KL,0,0.775648781867092,0.354418501765591,0.391065044316912,0.0385508042946946,1,0.216317222893004
1,844,KLnrm,0,1,0.193310802233988,0.203580047135321,0,0.68299167234202,0
1,844,CV,0.898218661950299,1,0.831365567069471,0.753901821790934,0.377983988183995,0.210251513455288,0
1,844,FVG,0.867044956714908,0.866469083574771,0.983173327131867,0,1,0.794304865685159,0.636383402450752
