run_no,sample_size,criterionName,4,5,6,7,8,9,10
1,955,DB,1,0.92461379903275,0.843802503417376,0.70986559644336,0.6202412313999,0.319681780150876,0
1,955,PB,1,0.651776068528919,0.749224061379993,0.695814064917339,0.301759000409972,0.0545395291448676,0
1,955,D,1,0.707903426268883,0.710016793501581,0.0225180265046336,0.0229816356525299,0.0229816356525299,0
1,955,KL,0.427452538624606,0.470881471083711,0,0.42249701261089,0.353909310026996,0.422947483967372,1
1,955,KLnrm,1,0.779943584804741,0,0.683171036780911,0.39109057537887,0.351714628584356,0.413957767741379
1,955,CV,0.161059746222024,0.474727411847223,0,1,0.94613594337818,0.778632914620927,0.171491423834725
1,955,FVG,0.883236769567949,0,0.295373588451876,1,0.739237124490201,0.261329104263177,0.376916972676708
