run_no,sample_size,criterionName,4,5,6,7,8,9,10
1,1406,DB,1,0.863675230095116,0.82992590478595,0.692063923393026,0.662582197120678,0.244361072275835,0
1,1406,PB,0.934428915631179,0.864942266871642,1,0.890847446156166,0.33758897289679,0.123812989723833,0
1,1406,D,0.500376692805833,1.19288521093096e-06,0,0.241434196456987,1,1,1
1,1406,KL,0.249471476455595,0.449201090941364,0,0.193971760711181,0.567780486349695,0.074747126243613,1
1,1406,KLnrm,0.676118560030595,1,0,0.300544033562783,0.839122390790137,0,0.634947335221992
1,1406,CV,0.399206591855299,0.774852509879856,0.647031513627974,1,0.970358543480805,0.495529058290209,0
1,1406,FVG,0.648173753996877,0.171003173573367,0.623589672699804,0,0.96753332776869,0.649002666866926,1
