run_no,sample_size,criterionName,4,5,6,7,8,9,10
1,2995,DB,0.979639439728215,0.968343674655158,1,0.789608143064566,0.702216991135478,0.326692802110052,0
1,2995,PB,0.960084365634222,0.960521956944463,1,0.862086489553021,0.652331651521328,0.277027318259011,0
1,2995,D,1,0.812156656019756,0.788804305622079,0.558951010039461,0.559288744788729,0.317682752287858,0
1,2995,KL,0.0198642719832608,0.21457368408087,0.146988816649274,0,0.100017675400243,0.00840985222944078,1
1,2995,KLnrm,0.184463995266466,1,0.439417501680997,0,0.213180609158691,0.0150121296122369,0.373596644811295
1,2995,CV,0,0.845882658909427,1,0.869688971941012,0.913746062783552,0.720549139350973,0.525796594006762
1,2995,FVG,0.264876720960642,0.145935005069428,0.356416162263731,0.376281485136077,1,0.827415648903778,0
