run_no,sample_size,criterionName,4,5,6,7,8,9,10
1,3328,DB,1,0.899292561510777,0.842729480155359,0.684990173795447,0.593318686277472,0.305945489331798,0
1,3328,PB,1,0.760439531838814,0.987566803558603,0.987155414115947,0.663608951666358,0.187703569559028,0
1,3328,D,0,0.60854838186752,0.932840942155109,1,0.377971011198264,0.402014823992766,0.897841796890522
1,3328,KL,0.0991354094703261,0.463502061623095,0,0.0890167557413745,0.244646528834819,0.275004166538763,1
1,3328,KLnrm,0.346725753166362,1,0,0.165598517017495,0.350966942965447,0.267926398261985,0.34627149468275
1,3328,CV,0.997603389062072,1,0.724397604175266,0.81133731938608,0.691505462150188,0.438540491455931,0
1,3328,FVG,0.738587716642862,0,0.299793265372408,0.993006987171773,0.911885873801892,1,0.313967981394587
