run_no,sample_size,criterionName,4,5,6,7,8,9,10
1,765,DB,1,0.812529183455622,0.672496740503349,0.54860479234497,0.443047536713608,0.308089056606004,0
1,765,PB,1,0.831121838950156,0.44557681013343,0.355996205098648,0.185343778946154,0.142101714243704,0
1,765,D,1,1,0,0.25862602812512,0.25862602812512,0.25862602812512,0.26205532050411
1,765,KL,1,0,0.282674618963742,0.376400145073468,0.30958391222127,0.0759958624547059,0.0848772302957887
1,765,KLnrm,1,0,0.256694729519727,0.238428688411843,0.11027827322282,0,0
1,765,CV,0,0.0604226352368996,0.806120317581072,1,0.863319650053978,0.490463113411446,0.00491850496797586
1,765,FVG,0.728073113470908,1,0.141681357073477,0.469155750076012,0,0.419261308120333,0.0848750679670587
