run_no,sample_size,criterionName,4,5,6,7,8,9,10
1,878,DB,1,0.859784283368049,0.719953527293066,0.559213938827965,0.512897128518126,0.378182217715211,0
1,878,PB,1,0.647508246909445,0.520534688199359,0.454187661972093,0.0675427699379795,0.116079728654579,0
1,878,D,1,0.599027079541942,0.00888086256626946,0,0.697719238305082,0.697719238305082,0
1,878,KL,0.492794943700646,0.121557384571931,1,0.226134447047067,0.79343942725947,0.404339268754613,0
1,878,KLnrm,0.599370708408339,0,1,0,0.359566477366554,0.0801488415489513,0
1,878,CV,0,0.255443289037486,1,0.933595897203411,0.878576488255461,0.616875867735812,0.270809508967784
1,878,FVG,0.78746783150917,0.311193563084733,0.26389909181706,0.698285434242585,0,0.375634696697002,1
