run_no,sample_size,criterionName,4,5,6,7,8,9,10
1,1281,DB,1,0.838522366673772,0.680087721707477,0.50719094312946,0.454870273382067,0.340094503160723,0
1,1281,PB,0.779055148432987,1,0.834422956665639,0.715088784380959,0.331490303077632,0.19698347114828,0
1,1281,D,1,7.52716918740315e-06,0.183855260323253,0.184145705230863,0.00931889501156329,0,0.042718242483862
1,1281,KL,0.830353129223231,0.17096481432354,0.697727257740107,0.693396385190712,0.379217601354908,1,0
1,1281,KLnrm,1,0,0.626247349821176,0.376095590085595,0.0739116178304153,0.259293784267214,0
1,1281,CV,0.0132759654327556,0.355251109864542,0.908392561449773,1,0.751987924982217,0.511247077147875,0
1,1281,FVG,0,0.215003993542858,0.141947537019783,0.845799272963567,0.152654946664688,0.702145590151965,1
