run_no,sample_size,criterionName,4,5,6,7,8,9,10
1,1344,DB,1,0.839163611157921,0.658950254903571,0.489692621605833,0.426900521818085,0.318190245574975,0
1,1344,PB,1,0.944777420478557,0.821482909187287,0.666042091972957,0.385092514777035,0.228304137122383,0
1,1344,D,1,0,0.665614733318221,0.665614733318221,0.000119871099899511,0.000119871099899511,3.66138541023709e-05
1,1344,KL,1,0.129396626525167,0.643849180832684,0.268775410961652,0.538248307484603,0.314567097814773,0
1,1344,KLnrm,1,0,0.402951716743537,0.0790161479996591,0.187724850648628,0.0628988296480942,0
1,1344,CV,0.439277525109744,0.57029327258311,1,0.947172691411833,0.726848181037424,0.462238538038399,0
1,1344,FVG,0.083757048901744,0,0.0315298083879972,0.545780884893445,0.0368604911175987,0.575593378190257,1
