run_no,sample_size,criterionName,4,5,6,7,8,9,10
1,2760,DB,1,0.510630776359305,0.628786315514843,0.341020161263348,0.170514100894312,0,0.0277513538039166
1,2760,PB,1,0.503147195405531,0.383849746372633,0.43634324949544,0.172243497928918,0.119775888975437,0
1,2760,D,0.999975869874403,0.277041011998467,1,0,0.260009988351989,0.27716517764475,0.42036607300541
1,2760,KL,0.520958254674184,0.0753811218846815,1,0.00117909263579965,0.021143724449609,0.409835221156877,0
1,2760,KLnrm,0.887093243131415,0.133357285477133,1,0.0031541211776724,0.0235670388000681,0.328678648236901,0
1,2760,CV,1,0.92980890381043,0.83645999700061,0.700665448666092,0.530958195724446,0.305811592314993,0
1,2760,FVG,0.858089631823706,0.300785403791318,0,1,0.0970725921523428,0.302394481916663,0.299511624856542
