run_no,sample_size,criterionName,4,5,6,7,8,9,10
1,832,DB,0.793001976912258,0.43933915285279,0.444735881261107,0,1,0.282856316912955,0.802763207932329
1,832,PB,1,0.45032909606077,0.473924419993459,0.394893957935974,0.642766317909367,0.0387771077031631,0
1,832,D,0,4.19344609955575e-05,0.212466416346296,0.000229120170946742,1,0.213457497828448,0.360767941529991
1,832,KL,0.383461977088417,1,0,0.278510231221606,0.625314392800216,0.0681312383651987,0.580792486098835
1,832,KLnrm,0.456468573111547,1,0,0.185196031249003,0.458745646027349,0,0.345087869830428
1,832,CV,1,0.932244173373924,0.829298252366438,0.700128000049734,0.526166141157332,0.301439431457075,0
1,832,FVG,1,0.93377984580224,0.939281701995934,0.913008558589183,0,0.929464114266715,0.923968263414367
