run_no,sample_size,criterionName,4,5,6,7,8,9,10
1,846,DB,1,0.643679600365337,0.0708658465354369,0.154527233296323,0,0.256130325969724,0.570018755724758
1,846,PB,1,0.736700409354869,0.315692782872677,0.309865628647084,0,0.311418144892584,0.270123864225346
1,846,D,0.757025791846763,1,0.724424488587233,0,0.239942253774485,0.286220301450168,0.505066542604494
1,846,KL,1,0.724053447796649,0.701336369935183,0.899354757244828,0.723973566645612,0.613240997999271,0
1,846,KLnrm,1,0.427043984642193,0.352181579189329,0.539738484300225,0.279494834209563,0.144344406853776,0
1,846,CV,1,0.928888472797137,0.839774435930479,0.708637134950595,0.536025203280506,0.302923232648192,0
1,846,FVG,1,0.0672593900515255,0.994613254290222,0.857380748885682,0.96459091206779,0.997509814452886,0
