run_no,sample_size,criterionName,4,5,6,7,8,9,10
1,2892,DB,1,0.581691585791521,0.40690129336578,0.226743897436726,0.300593422801687,0,0.0188503025990542
1,2892,PB,1,0.79314748059725,0.707521274081078,0.493977760705984,0.286572213686326,0.12648672339755,0
1,2892,D,0.679208737521164,0.0997641525556976,0.0997641525556976,0.099780103590578,0.0997974218570195,0,1
1,2892,KL,1,0,0.695357628597472,0.0871092457740935,0.186793342092376,0.313771184060127,0.0199645218367692
1,2892,KLnrm,1,0,0.462722857903046,0.00253181422359126,0.0726608509056,0.128190684320296,0
1,2892,CV,1,0.929274990629384,0.838380439032081,0.707588163061031,0.537387705346586,0.311866259090437,0
1,2892,FVG,1,0.288615297162726,0.643436864608948,0.564128239213272,0.290211855220111,0.127798243517151,0
