run_no,sample_size,criterionName,4,5,6,7,8,9,10
1,1293,DB,0.734337996981708,1,0.651006427589505,0.86706716414695,0.117177134953216,0.227113002621272,0
1,1293,PB,0.688628319793604,1,0.455410880119269,0.615418325777032,0.193682992876727,0.0568043809625465,0
1,1293,D,0.783166420312617,0.949977344200037,0.308669908024551,1,0.845017360212329,0,0.844730115488308
1,1293,KL,0.788282616183589,0.545464581332313,0.531459113517797,0.936500097849984,0,1,0.438513760368883
1,1293,KLnrm,1,0.566761486013971,0.423415143818647,0.466734554731518,0,0.287354304657495,0.0734004969518521
1,1293,CV,1,0.930002767800474,0.845718299621028,0.71705253302129,0.545068480096065,0.318358623493654,0
1,1293,FVG,0.0812431592568551,1,0,0.925455431968777,0.317688980118239,0.218785568757306,0.75985860450121
