run_no,sample_size,criterionName,4,5,6,7,8,9,10
1,1573,DB,0.851369567815776,1,0.74860971746973,0.454445968847791,0.503959785390437,0,0.217262744824113
1,1573,PB,0.891850805945122,1,0.944279991585664,0.622555718495044,0.24062278196729,0.0158381723334801,0
1,1573,D,0.742949140755787,0,1,2.32103313466341e-06,0.857395814343489,0.969329462541117,0.857390045562106
1,1573,KL,0.482521950480876,0.496786339911316,0.640871539112967,0.323233434214209,1,0,0.656700647572074
1,1573,KLnrm,1,0.829326641748522,0.859491801011511,0.180501959165364,0.737312198874371,0,0.393844262874527
1,1573,CV,1,0.94604370115503,0.857886608370861,0.728308693312235,0.560738648647405,0.318394688059173,0
1,1573,FVG,0.443669426943739,0.424223124057161,0.80322861960468,0.907325619847183,0.737458156963118,0,1
