run_no,sample_size,criterionName,4,5,6,7,8,9,10
1,2480,DB,1,0.725687973480993,0.561238043294296,0.476573163608404,0.283338765018948,0.298838555220503,0
1,2480,PB,1,0.665117865300616,0.895304589717217,0.536600607108986,0.375730501048582,0.198576483042357,0
1,2480,D,0.888288960001657,0.922779930096353,0.568095037831524,0.581663930140316,0,1,0.000178062655567954
1,2480,KL,0.667019395041064,0.494192641907725,0.729594861947183,1,0,0.714157621744817,0.148717972219183
1,2480,KLnrm,1,0.525849934353055,0.665360031249167,0.596759985497898,0,0.333324945441215,0
1,2480,CV,1,0.941849059367958,0.849875528043634,0.724374335581941,0.548130750733103,0.318810117817103,0
1,2480,FVG,0.923151772407056,0,1,0.503605475289658,0.48249130377187,0.683692178199378,0.359695298682354
