run_no,sample_size,criterionName,4,5,6,7,8,9,10
1,905,DB,0.787479632423874,0.290277927525821,0,0.866432553515905,0.423104785080029,1,0.527957891250265
1,905,PB,1,0.866753039923639,0.254270677705843,0.342862923306773,0.583214018924303,0.323297954017264,0
1,905,D,0.999954881037252,0.99994240912885,1,0,0.255872388900515,0.257282998422854,0.346160202030243
1,905,KL,0.318071175223917,0.735295942733617,0.122145534470427,0.426601827545258,0.185493700878252,1,0
1,905,KLnrm,0.254253933297969,0.994723088929747,0,0.394453668539806,0,1,0
1,905,CV,1,0.929106400730372,0.827810125012472,0.699110987468845,0.528318877415311,0.312275502699919,0
1,905,FVG,0.716928878238651,1,0.190420919465692,0,0.41879084511876,0.42659290510864,0.583119710573089
