run_no,sample_size,criterionName,4,5,6,7,8,9,10
1,1843,DB,0.595990957567937,0.516357158623317,0.669352839473656,0.721517365092771,0.0880031845609317,0,1
1,1843,PB,0.897350256724676,1,0.846486846290342,0.729370117259534,0,0.14813789782588,0.0130241818652828
1,1843,D,1,0.854411745767398,0.49913825865776,0.420550325283381,0.539985346287128,0.420253990383021,0
1,1843,KL,1,0.423378988959553,0.745413838906728,0,0.523740429320781,0.366145155812692,0.193623416897707
1,1843,KLnrm,1,0.384846758250767,0.496169768243697,0,0.261121542712545,0.137977648481109,0.0411013418698522
1,1843,CV,1,0.92508096389792,0.829740943438086,0.696870834265915,0.53637617730609,0.306894795098783,0
1,1843,FVG,0.904096980199323,1,0.919484020995624,0,0.662500103718919,0.88700979325004,0.854391824277893
