run_no,sample_size,criterionName,4,5,6,7,8,9,10
1,857,DB,1,0.31643972181776,0.933292136467967,0.103220520387345,0,0.337903843748605,0.274423914815199
1,857,PB,1,0.491758514482711,0.558105212538145,0.400366016071703,0.103428548222198,0.00500419648578158,0
1,857,D,0.509569385558989,0.510908064569343,1,0.504471829665073,0,0.00316501320374993,1.53663357029127e-05
1,857,KL,0.0739928910896885,0.313831735484512,0.539268734733982,1,0,0.332555414446202,0.482620560976644
1,857,KLnrm,0,0.255624836472049,0.679997997741991,1,0,0.176631747837078,0.332866423001484
1,857,CV,1,0.937568408150607,0.838059178914536,0.713151253988932,0.535173616701021,0.305907520970598,0
1,857,FVG,1,0.0641200516875596,0.287569147550805,0.942832440017915,0.206914218144725,0,0.0185860265588814
