run_no,sample_size,criterionName,4,5,6,7,8,9,10
1,1428,DB,1,0.929841005376354,0.573010760651168,0.750346750234,0.323475634209097,0,0.685519699246039
1,1428,PB,1,0.877120273178742,0.894831949715329,0.534370835557553,0.591857984285693,0,0.252860864512638
1,1428,D,0.436481884828588,0.178491469067229,0.790191203774327,0.243706660115386,1,0,0.747408691327581
1,1428,KL,0.453170964312463,0.666967151593149,0.705584752225151,0.462307365989751,1,0.558771410217996,0
1,1428,KLnrm,0.274164683029674,0.911772549392733,0.830955231616452,0.197853478488069,1,0.251836521807995,0
1,1428,CV,1,0.9307730997466,0.834026536320957,0.707788309551569,0.53779691475768,0.313810457028561,0
1,1428,FVG,0.914083722598565,0.882370430773762,1,0.863440067087379,0,0.832384491965512,0.961829761626856
