run_no,sample_size,criterionName,4,5,6,7,8,9,10
1,964,DB,0.266072609560654,0,0.572875215939013,0.397875671245721,0.358438240356417,1,0.682842512550856
1,964,PB,0.997129051003106,0.297776115990626,1,0.439714238763884,0.579073746832549,0.0109134166555528,0
1,964,D,0,1,0.904352152177685,0.811441131221771,0.837137430760693,7.00866661841027e-05,0.680146515601177
1,964,KL,0.233779933972382,0.04722591375494,1,0.388521614270136,0,0.0626043459885898,0.775606718808571
1,964,KLnrm,0.102157506769105,0,1,0.212406166334246,0,0,0.557661851573217
1,964,CV,1,0.928518596231277,0.833098295413825,0.699502983738174,0.518923142945711,0.299327439252369,0
1,964,FVG,1,0,0.959002989644786,0.110469320040802,0.123329917261694,0.178225229941128,0.552238028461371
