run_no,sample_size,criterionName,4,5,6,7,8,9,10
1,784,DB,1,0.876521847185097,0.576527673110938,0.475860646773258,0.565587785785256,0,0.124872732524855
1,784,PB,0.667368416610532,1,0.733921952253926,0.38277619733117,0.447909704774449,0,0.170524708859932
1,784,D,1,0.55388135164547,0.794193460812909,0.554120810913031,0,0.592757865378413,0.792890240874676
1,784,KL,1,0.860351179022584,0.337973402394893,0.379818503622466,0.370685800470363,0.155137609870124,0
1,784,KLnrm,1,0.558349663540751,0.112231369411868,0.127692908761577,0.107737525145987,0,0
1,784,CV,1,0.930557108835215,0.831958716166389,0.702543391148627,0.533575007421981,0.306434968323616,0
1,784,FVG,0.132973305807295,0.511659421568434,0.577376232691309,0.112633263315718,1,0,0.385219082041938
