run_no,sample_size,criterionName,4,5,6,7,8,9,10
1,1581,DB,0.0467439039805074,0.659907885618608,0.0638680672050074,0.883597634901509,0.850126274576061,1,0
1,1581,PB,0.225854263788437,1,0.435121841945295,0.579590101273063,0.299064912412339,0.039326093173828,0
1,1581,D,0,0.49742900642178,1,0.497647836452036,0.218089880027214,0.564926144000531,0.316072149609217
1,1581,KL,0.754910525354813,1,0.852263910929183,0,0.543561550726577,0.950499396245906,0.690372938464552
1,1581,KLnrm,0.967283707458118,1,0.686599812550086,0,0.379068361183217,0.512097266458429,0.296628254888602
1,1581,CV,1,0.932199851072518,0.835827148038721,0.705784343397949,0.537291825802887,0.311909682688381,0
1,1581,FVG,0,0.613431026537131,0.0413081735918173,0.291665236895941,0.249763616360779,0.0304700380836117,1
