run_no,sample_size,criterionName,4,5,6,7,8,9,10
1,2981,DB,0.387790786165088,0.529083630721893,1,0.580917409658191,0.387997474152075,0.204332079742592,0
1,2981,PB,0.36167450985907,0.634439050873575,1,0.728399260042418,0.553095706549971,0.133737403696634,0
1,2981,D,0.394357088900101,0,4.06967506710783e-05,0.394640014940725,1,0.395064264629228,0.931072526627103
1,2981,KL,1,0.525735219254887,0.467140254773331,0.641026959352797,0.112641621217714,0,0.32658595448298
1,2981,KLnrm,1,0.461787804772544,0.331219360860027,0.321646385419233,0.0546254105701744,0,0.100653095035412
1,2981,CV,1,0.933874584176043,0.835543115049029,0.710104270909921,0.537741764500495,0.308525600546315,0
1,2981,FVG,0.151378195141663,0,0.537331191758182,0.388043931556358,1,0.31324090099946,0.185713522402429
