run_no,sample_size,criterionName,4,5,6,7,8,9,10
1,2486,DB,1,0.40510117736987,0.764929394629291,0.402406743313171,0.253853875530315,0,0.0787109353335446
1,2486,PB,1,0.59673594677695,0.800631739336094,0.637994297593796,0.390882104429174,0.0818128435002101,0
1,2486,D,0.458848875022185,0,0.936083385953709,0.935966167275265,0.95877942580032,0.820873357679539,1
1,2486,KL,1,0.0448575632197498,0.42853928511824,0.131227572640838,0,0.180267305586129,0.239782336162883
1,2486,KLnrm,1,0.0198355632019004,0.291753095954841,0.0688465001312197,0,0.0908171982423366,0.0994504321291948
1,2486,CV,1,0.932998573836434,0.824325866010447,0.698295128787994,0.523327322929107,0.305656796844527,0
1,2486,FVG,0.907419512390859,0.0769485339595698,0.918171633355138,0,1,0.79278921304475,0.679989815974325
