run_no,sample_size,criterionName,4,5,6,7,8,9,10
1,2399,DB,1,0.299700867093881,0.055997062533106,0,0.22498837886553,0.318038306937971,0.31324784489582
1,2399,PB,1,0.756581587645337,0.629054630916188,0.366117435930443,0.158176038420911,0.00680425514998467,0
1,2399,D,1,0.526531871888641,0.47251826681264,0.526809384099328,0.217372503623658,0.376659329140148,0
1,2399,KL,1,0.619786722027091,0,0.752374971721843,0.0990239440701556,0.356483239244497,0.679857089805188
1,2399,KLnrm,1,0.473492487618597,0,0.49283152845325,0.00119209133052275,0.180537023445281,0.314328116408478
1,2399,CV,1,0.926945375345461,0.826261176344308,0.70240812317078,0.533126840673525,0.311091754437111,0
1,2399,FVG,0.872727283432286,0.5429431032271,0.867612962728267,1,0.659054187471064,0,0.10933578690381
