run_no,sample_size,criterionName,4,5,6,7,8,9,10
1,907,DB,1,0,0.1985002868269,0.1895230405905,0.248816743275672,0.329444616445885,0.248356942007403
1,907,PB,1,0.361355579282542,0.487297238761451,0.248348082483785,0.0250308725240236,0,0.00225435920039213
1,907,D,1,0.670432287897871,0.222246139993693,0.297196334930619,0.670416612745357,0,0.148268533589482
1,907,KL,0.34111616258656,0.306105409436834,0.224952975990505,0.379281968234373,0.0751807128915863,1,0
1,907,KLnrm,0.607847448367411,0.37292565611406,0.0788225846127385,0.433724079668211,0,1,0
1,907,CV,1,0.935478299308953,0.838550928002783,0.710628507632816,0.534994261757797,0.325424052445057,0
1,907,FVG,1,0.0456935034272886,0.587707195399951,0.573405258070002,0.0734522416830644,0.0143200647190599,0
