run_no,sample_size,criterionName,4,5,6,7,8,9,10
1,3334,DB,1,0.782427043306057,0.501360077103222,0.992294655035351,0,0.688507889889489,0.379229354013647
1,3334,PB,1,0.671562834149361,0.754414456423573,0.650229264985301,0.417422530946083,0.331409168991475,0
1,3334,D,0.728344349853987,1,0.276925228132447,0.578371641181553,0.577050719245876,0.847753528054637,0
1,3334,KL,0.194900949962535,0.543374728859864,0.383893675193331,0.636403195432704,0,0.678582350446082,1
1,3334,KLnrm,0.0215404750408566,1,0.497534360566758,0.870019691206605,0,0.852552282011833,0.880065706630558
1,3334,CV,1,0.93264467129079,0.837360076391623,0.707973686872834,0.532768021178853,0.307915162255064,0
1,3334,FVG,0.690666437599201,0,0.168516123709818,0.444615229043907,0.048818236644939,1,0.064041650241816
