run_no,sample_size,criterionName,4,5,6,7,8,9,10
1,2882,DB,1,0,0.771557630344723,0.492035475619031,0.123976080100852,0.208881915757109,0.308081235612302
1,2882,PB,1,0.751325655500092,0.697685144919844,0.443495539373835,0.303104803998847,0.0864773208986859,0
1,2882,D,0.826250930520965,0,1,0.685242446392042,0.826447929784107,0.343969684518385,0.826447929784107
1,2882,KL,0.0750152127946577,0.519846632336337,1,0,0.440592269137138,0.378952420999257,0.641757045399626
1,2882,KLnrm,0,0.671632115722386,1,0,0.333695602357516,0.228507575879646,0.378630422158893
1,2882,CV,1,0.936094472085138,0.843242025088347,0.708212708450821,0.538501088159397,0.311189097959582,0
1,2882,FVG,0.843501670469627,0.467662931945108,1,0.55354870047885,0.832634832020283,0.415266209068498,0
