run_no,sample_size,criterionName,4,5,6,7,8,9,10
1,789,DB,1,0.874649895789319,0.292973388948765,0.333410187345396,0.163457444801004,0.0184018414143502,0
1,789,PB,0.971618096061296,1,0.69834306955407,0.591463659001547,0.488921389686153,0.145193793425218,0
1,789,D,0,0.918675564921749,0.589994222201441,0.724401430088637,1,0.328873713354396,0.813524724302155
1,789,KL,0.00668020976236464,0.00469896004195792,0.00263379291403874,0.00837750289415991,0.00123285224740023,1,0
1,789,KLnrm,1,0.316040841546692,0,0.470172047549633,0,0.708187469671327,0
1,789,CV,1,0.926086978669193,0.824933967102531,0.703003768122106,0.527661370154626,0.323583392513029,0
1,789,FVG,0.0951770477370186,0.722067792770252,0.0695935615246909,0.0942370842657858,1,0.299668927364737,0
