run_no,sample_size,criterionName,4,5,6,7,8,9,10
1,776,DB,1,0.258954870337339,0.818013453341189,0.439505278237428,0.392215387143398,0,0.484704060019363
1,776,PB,0.975475123561147,1,0.708681865036769,0.328044468053373,0.419900342892745,0.532629914618457,0
1,776,D,1,0.678106042227003,0.509812160521059,0.853620001719898,0.678444149094222,0,0.513682211705517
1,776,KL,0.100209715725826,0.0512751635941129,0.262344998748263,0.0616745392099329,0.0487236760210613,1,0
1,776,KLnrm,0.259625327183014,0,1,0,0,0.831757545734221,0
1,776,CV,1,0.921287465136024,0.832062330109638,0.704264759303015,0.532662671778069,0.324805086520957,0
1,776,FVG,0.900301270594074,1,0.571213880905114,0.819011995233677,0.799018754832039,0,0.753471567993201
