run_no,sample_size,criterionName,4,5,6,7,8,9,10
1,1281,DB,1,0.948322087233108,0.230640258800081,0.311382817390441,0.084016629441418,0,0.102348850280283
1,1281,PB,0.679922965291725,1,0.677401730376706,0.407855579888568,0.709263859304564,0.098316363250233,0
1,1281,D,0.906377109336906,1,0,0.00907623356572869,0.723586539055972,0.000198564359212342,0.000429062780318628
1,1281,KL,0.161239132964518,0.382217372604143,0.238775059687759,0.127172637907328,0.190423530962342,1,0
1,1281,KLnrm,0,1,0.256518827840517,0,0.0755383280611029,0.970076824995415,0
1,1281,CV,1,0.933853732993803,0.828591592797452,0.696687028328516,0.529168477173923,0.304278852020723,0
1,1281,FVG,0.284795255647423,0.608964427396281,0.491359516697117,0,1,0.243851256979207,0.760272948563848
