run_no,sample_size,criterionName,4,5,6,7,8,9,10
1,832,DB,1,0.931300784156576,0.314041296680768,0.344083413958715,0.298996497629266,0,0.147373214977299
1,832,PB,0.94017247318101,1,0.539262008421954,0.639069302690743,0.525511942479977,0.303493218061585,0
1,832,D,1,0.539677858338841,0.764059029849891,0.0176845329374688,0.539678425501636,0,0.731390906633547
1,832,KL,0.0104257115579249,0.0350325259441715,0.00330804105057583,0.00796117464905315,1,0,0.00580148693077221
1,832,KLnrm,0.0364554819780833,0.635295880568068,0,0,1,0,0
1,832,CV,1,0.929966811368951,0.817670715466695,0.694498423024674,0.537226468385669,0.291354826608247,0
1,832,FVG,0.287599675580635,0.896388085278584,0.10373635746789,0.249988679491894,0.470846122321751,1,0
