run_no,sample_size,criterionName,4,5,6,7,8,9,10
1,3097,DB,1,0.272588337818926,0.986632138904173,0.632551190982541,0.419204146552654,0,0.645056997808542
1,3097,PB,1,0.852712688053198,0.565090697520558,0.527711617818563,0.384605031529761,0.213938606152357,0
1,3097,D,0,0.970151659498139,0.999958069760483,0.789977420293746,0.0820847061629556,0.999868219247232,1
1,3097,KL,0.360493227682708,0.172043184770867,1,0.115016329107548,0.14399299135438,0.819034734487021,0
1,3097,KLnrm,0.519777759513949,0,1,0,0,0.520397226035123,0
1,3097,CV,1,0.929977968599892,0.832575226514049,0.706659430723662,0.531998142920054,0.316087617235443,0
1,3097,FVG,0.531919053888398,0.747476541376935,0.322159334762847,0.501080149738362,0.495273967105237,1,0
