run_no,sample_size,criterionName,4,5,6,7,8,9,10
1,723,DB,1,0.917712410481615,0.343270683292813,0.270761098097939,0.233317806915888,0,0.124664427662913
1,723,PB,0.755403861878219,0.837822390383438,0.689864260002001,1,0.760292737544996,0.778977383879061,0
1,723,D,0,0.055603186152054,0.805102843391563,0.875494723896242,0.964410915145104,1,0.16312108189267
1,723,KL,0.0441460253565309,0.27598642872225,0.328466720594523,0,1,0.0202285745832306,0.306835957439625
1,723,KLnrm,0,0.350406464589797,0.242694363991572,0,1,0,0.344300177414394
1,723,CV,1,0.929683059721612,0.822900618536593,0.679933133860551,0.532097211697335,0.303208113675619,0
1,723,FVG,0.452445568100777,0.482911015009912,0.298045945568714,0.464711739008824,0.348660149829676,1,0
