run_no,sample_size,criterionName,4,5,6,7,8,9,10
1,2051,DB,0.872287261390276,0.0400695704241961,1,0.656338283795472,0.533860152647352,0,0.662675343828059
1,2051,PB,0.626744496742236,0.710604453199977,1,0.656896009258659,0.426595561345731,0,0.10493463127422
1,2051,D,0.440176079596998,0.184659573114608,1,5.2759964171462e-05,0.99539812518221,0,0.231737741373068
1,2051,KL,0.0164125841043656,0.177903565948597,1,0.546807872364876,0.519241991328839,0,0.192240940938041
1,2051,KLnrm,0,0,1,0.257028038670553,0.168813942793507,0,0
1,2051,CV,1,0.916174340155177,0.833468007074892,0.6970391644803,0.529763551218078,0.287143333191759,0
1,2051,FVG,0.345455358031494,0.0875049064305914,0.688926378312101,0.499771569973827,1,0,0.0501067771861646
