run_no,sample_size,criterionName,4,5,6,7,8,9,10
1,2480,DB,1,0.91638898306299,0.328591973819072,0.378882036514854,0.290706758732801,0,0.107273932125314
1,2480,PB,0.946745197089983,1,0.60099379870019,0.503265841152301,0.350720901740269,0.119897234729114,0
1,2480,D,0.788540805568321,1,0.504519565814354,0.479136153254045,0.504561538800825,0.504533224820121,0
1,2480,KL,0.229985942653397,0.696427680392158,0.049995684933059,0.257467457897316,1,0,0.429430901132337
1,2480,KLnrm,0.322313719813382,1,0,0.23689073003261,0.569290878270138,0,0.237363767084107
1,2480,CV,1,0.931520376227313,0.829027385904906,0.708493626615088,0.544377121204949,0.308503974627554,0
1,2480,FVG,0.0227833652177193,1,0,0.0948113654896143,0.43676350021842,0.0046275356529073,0.272074007118749
