run_no,sample_size,criterionName,4,5,6,7,8,9,10
1,1573,DB,0.6692304715421,0,1,0.781346111325521,0.780359512949395,0.333167451936124,0.831087547367352
1,1573,PB,0,0.581467434097437,1,0.550415938112648,0.304639086969326,0.198339204893419,0.0944501742984625
1,1573,D,0.378347404392534,1,0.378444197147709,0.673464575680539,0.378919156946357,0,0.999966797833981
1,1573,KL,0.00830519254574921,0.0538788169510334,1,0,0.166865640434249,0.0207682559941308,0.068707583580311
1,1573,KLnrm,0,0,1,0,0.171660093649694,0,0
1,1573,CV,1,0.931203733009753,0.865559090725125,0.725809116882976,0.553838638978574,0.316212235010712,0
1,1573,FVG,0,0.0140165771508006,1,0.320243327612296,0.205863010512183,0.116284822245216,0.367620499629917
