run_no,sample_size,criterionName,4,5,6,7,8,9,10
1,1638,DB,1,0.811028034013915,0.339596510416458,0.39479215554478,0.177192697151269,0,0.114554512682438
1,1638,PB,1,0.734978544118656,0.19619657080129,0.721979102345801,0.126527718004853,0.156987740832912,0
1,1638,D,0.0136789485989138,0,0.0821092365865384,1,0.842973885599815,0.114529791738804,0.149431728550261
1,1638,KL,0.200454101610185,0.0249489688452557,0.062788941328597,0.215326696416382,0.182166708958439,0,1
1,1638,KLnrm,1,0,0.0939470006071762,0.648509013328631,0.177295857102723,0,0.981523854931315
1,1638,CV,1,0.906515658558269,0.809399661333532,0.70568171119929,0.531942254444081,0.287765412320706,0
1,1638,FVG,0.956376917467316,1,0.797802714307208,0,0.832508671986646,0.869685070029311,0.870026716295653
