run_no,sample_size,criterionName,4,5,6,7,8,9,10
1,963,DB,0.950597349286236,0.147858837273122,1,0.888243082929156,0.755485246748194,0,0.656590524301666
1,963,PB,0.941449180603302,0.426512390771988,1,0.172810897826801,0,0.248949027518349,0.143585588658455
1,963,D,0.319432295795855,0,1,0.518662673779752,0.407151841362182,0.319476154002274,0.25862580155907
1,963,KL,0.33402572374083,0,1,0.0589511313047544,0.699493842524555,0.0256562919808869,0.413021676102802
1,963,KLnrm,0.315177534163021,0,1,0,0.391420604113658,0,0.196931255459922
1,963,CV,1,0.902997303259833,0.829272418079481,0.682042161647469,0.523034220419158,0.27557760122388,0
1,963,FVG,1,0.77682237561538,0.750933455318838,0.907480423014647,0.766624841788361,0.872211409858309,0
