run_no,sample_size,criterionName,4,5,6,7,8,9,10
1,964,DB,1,0.279674013019485,0.698179308762803,0.639525604874863,0.509211310618774,0,0.381674589887685
1,964,PB,0.729790968111462,0.853070950414475,1,0.314097651018724,0.2123776103744,0,0.188955262788322
1,964,D,1,0.884680346905288,0.884680346905288,0.686865405541314,0.803433208402916,0.400186287391679,0
1,964,KL,0.0493831890800266,0.0186453614886879,0.0512189409849861,0.0375659074957631,1,0,0.0390251287627447
1,964,KLnrm,0.775717003009994,0,0.842307357692606,0.245896503920584,1,0,0.42544040462956
1,964,CV,1,0.914600603227588,0.819271798297702,0.694878131441064,0.530779665693651,0.297247951117962,0
1,964,FVG,0.760161176381415,0.702314246152044,0,0.821745984329156,1,0.560946760968599,0.980869335369195
