run_no,sample_size,criterionName,4,5,6,7,8,9,10
1,2934,DB,1,0.0439372104320265,0.956627759548491,0.609723880558225,0.405226563553848,0,0.950844347226406
1,2934,PB,0.359760735160515,0.604037594166312,0.921159448254423,1,0.875457934357606,0.319343522456538,0
1,2934,D,0,0.999891962829783,1.93962603622096e-07,0.817225741242637,0.745995690538873,2.89974092415034e-05,1
1,2934,KL,0.00095177152956847,0.00137414558062387,0.00303391155529523,0.00199710164982825,0.00169245215588886,1,0
1,2934,KLnrm,0,0,1,0.254927154172783,0.0871458906701117,0.748701891168672,0
1,2934,CV,1,0.921357619471855,0.830348302552856,0.696952932844183,0.523159724812552,0.289253588529334,0
1,2934,FVG,0.99902277855996,0.998364300757872,0.998791736463301,1,0.972877778731624,0,0.997157262212894
