run_no,sample_size,criterionName,4,5,6,7,8,9,10
1,2486,DB,1,0.331347056977873,0.387905027944179,0.214622410503287,0.155604535695102,0,0.260756121961049
1,2486,PB,0.921090612961093,0.764971902701736,1,0.779121190326549,0.187842958146279,0,0.122727871313097
1,2486,D,0,0.163450655538251,0.0199871334840906,0.557448458424478,0.0375820311307535,0.557455292370895,1
1,2486,KL,0.922229254098162,0.204805853883114,1,0,0.249052305244413,0.263571656755453,0.620693193592488
1,2486,KLnrm,1,0,0.324106424135912,0,0.0660936599988551,0.0853777064810855,0.714968433942996
1,2486,CV,1,0.920441201490789,0.830872547855146,0.671637218992466,0.504706866166099,0.300542352967613,0
1,2486,FVG,0.919049727856083,0.715471753645356,1,0.853528909240661,0.932358641939862,0.720218861789101,0
