run_no,sample_size,criterionName,4,5,6,7,8,9,10
1,2399,DB,0.909152724827984,1,0.206628767875657,0.237396501176989,0.141953357710677,0,0.0611404907430732
1,2399,PB,1,0.557544187196284,0.73223079475153,0.525116661570855,0.161858171622615,0,0.196057847225385
1,2399,D,0.342943142833994,0.659596673648432,1,0.300304799816382,0.430623809938741,0.0202890498968022,0
1,2399,KL,0,0.207348841475051,1,0.0366915743758284,0.423122206069366,0.241304697753679,0.327547923016524
1,2399,KLnrm,0,0.186161790828453,1,0,0.499941018898549,0.101262188814304,0.134854413604589
1,2399,CV,1,0.931653517661437,0.854587833628791,0.714509521303277,0.528501296620983,0.305820404492435,0
1,2399,FVG,0.979361186111966,0.650651219553476,0.976842083296939,0.942755773740714,1,0.553943733181926,0
