run_no,sample_size,criterionName,4,5,6,7,8,9,10
1,5243,DB,1,0.524853672639744,0.526587123769728,0.324653658342747,0.408133356844792,0,0.0171482395236655
1,5243,PB,1,0.621256586829658,0.695375324908915,0.853434967116076,0.133670608494836,0,0.450859641775702
1,5243,D,0.39842492638563,1,0.588856392951417,0.914438336799624,0.715944926777291,1.04169171878669e-05,0
1,5243,KL,0.288185630707955,0.0976303675491356,0.0131672471574942,0.0233889604101653,0.0240172728300757,1,0
1,5243,KLnrm,1,0.106516160869579,0,0,0,0.570292093057667,0
1,5243,CV,1,0.920098216857846,0.819065646750004,0.668135002767081,0.486871916509933,0.286615857428117,0
1,5243,FVG,0.876581241742295,0.9522645270556,0.926347899718896,0,1,0.835207644403862,0.800720094749159
