run_no,sample_size,criterionName,4,5,6,7,8,9,10
1,754,DB,0.909828047511485,1,0.20035952701368,0.36211544877162,0.132345691244023,0.287578482266923,0
1,754,PB,0.588974096856324,0.223152137982795,1,0.508878215345982,0.593956390617164,0.0543972291137548,0
1,754,D,1,0.0256694821770669,0,0.65139782596401,0.468055002660303,0.0297967133038769,0.489257152207228
1,754,KL,0.00847252007662511,0.305308119594061,0.111337285447255,0.244133829935624,1,0,0.155627607670381
1,754,KLnrm,0,0.898648455847389,0,0.430535728051418,0.531261146258464,0,1
1,754,CV,1,0.939004222464834,0.870547928089033,0.728975458537971,0.577240222930266,0.261826704495776,0
1,754,FVG,1,0.620444667853474,0.618917916210427,0.809370193516409,0,0.929500413583617,0.671345310902544
