run_no,sample_size,criterionName,4,5,6,7,8,9,10
1,907,DB,0.827695457314254,0.083655996146859,1,0.703645685144112,0.643357890544023,0,0.74750612739561
1,907,PB,0.47755497804933,1,0.807847856395749,0.705314793236737,0.457687862788337,0.154110279306023,0
1,907,D,0.759430817255754,1,0.644876626260082,0,0,0.22298098526673,0.648650146139724
1,907,KL,0,0.487914967165089,0.555382968016807,0.157252843877224,1,0.104650187990576,0.174526754451344
1,907,KLnrm,0,1,0.732995861038658,0,0.867000664079229,0,0
1,907,CV,1,0.926906052150772,0.844690524764689,0.700679479848489,0.546750062663062,0.284709314541225,0
1,907,FVG,0,0.658565811099786,0.384083502115662,0.63777846724662,1,0.431686193039053,0.219039721055708
