run_no,sample_size,criterionName,4,5,6,7,8,9,10
1,955,DB,1,0.656518870140846,0.331997640666612,0.47139564032025,0.404656488264059,0.0281804575352345,0
1,955,PB,1,0.53054413183164,0.36598372259306,0.461717861478883,0.0995581538195761,0.0756354163167568,0
1,955,D,1,0.0569359510329216,0.535222120608566,0.0743610273180298,0,0.0735574507963623,0.251377548154247
1,955,KL,0.552228364338742,0.486785471388971,0.563762089069441,0.238148492160067,0.961682437241114,0,1
1,955,KLnrm,1,0.632012990254383,0.588092771881681,0,0.668706312264676,0,0.555809602953356
1,955,CV,0,0.744557888083089,0.807291874839938,1,0.743157483357241,0.417335411735273,0.671788654353171
1,955,FVG,1,0.523814219954906,0,0.888680765052438,0.223078989019323,0.235713306152771,0.410750872532805
