run_no,sample_size,criterionName,4,5,6,7,8,9,10
1,1406,DB,1,0.652300649854449,0.488002695242299,0.456172854112586,0.39772741446781,0.0918146123658709,0
1,1406,PB,1,0.758877809497005,0.350899211359185,0.813282825091759,0.345514856660368,0.278061942480341,0
1,1406,D,0.379970486554716,1,1,0.490169697147868,0,0,5.49103944024963e-05
1,1406,KL,0.769208954356953,0.139152417488926,0.710843607021544,0,1,0.502629470499757,0.0700774810123077
1,1406,KLnrm,1,0.298188660357571,0.602896210067039,0.081135163344243,0.471051660760593,0.166385156455147,0
1,1406,CV,0.145174127593343,0.894907350088729,1,0.964826638839267,0.638066939045025,0.442090120683658,0
1,1406,FVG,0.80770862261293,1,0,0.319656675546932,0.518431328047408,0.644599069891566,0.525955248859656
