run_no,sample_size,criterionName,4,5,6,7,8,9,10
1,3328,DB,1,0.679242938751561,0.433235689381257,0.535877426985018,0.417588620675326,0.0820576271672946,0
1,3328,PB,1,0.705736623524271,0.519119553340763,0.771436207250759,0.612254161371588,0.489999800014181,0
1,3328,D,0.818041689364813,0,0.642821664508697,0.950042019825003,0.661886287926715,0.444600015759387,1
1,3328,KL,0.75680973354315,0.32351351252278,1,0,0.961685256741567,0.220974718996074,0.412932078422876
1,3328,KLnrm,1,0.229402439293412,0.69646306651869,0,0.46693399821944,0.0242014285686051,0.108779848842882
1,3328,CV,0.855437958400471,1,0.890984540022776,0.828923997174102,0.705566215815666,0.297001161114046,0
1,3328,FVG,0.568604094577702,0.421408993991163,0,0.386997551082105,0.44830763576052,1,0.956003215299813
