run_no,sample_size,criterionName,4,5,6,7,8,9,10
1,1439,DB,0.963735265493782,0.00554339313137175,1,0.575332435509775,0.51511543850793,0,0.594706738018005
1,1439,PB,1,0.896842078606159,0.846057391757351,0.678415142394073,0.609733517596666,0.15497293933781,0
1,1439,D,1,0.792820551248847,0.442054920092724,0.442030193786751,0.774496264058796,0.0832029432798322,0
1,1439,KL,0.0885015902142793,0.0696296573478869,0.358428889675749,0.0329066915403593,0.142550358286084,1,0
1,1439,KLnrm,0.0499448402102945,0,1,0,0.323343764307328,0.464843755559574,0
1,1439,CV,1,0.92505651927927,0.8378740857122,0.714072074687656,0.547790557160899,0.328359669043344,0
1,1439,FVG,0.944488702070664,0.903534439349422,0.997320716184182,0.892893114778065,0,1,0.843710912016207
