run_no,sample_size,criterionName,4,5,6,7,8,9,10
1,783,DB,1,0.978646728194964,0.302871502580684,0.300349201937145,0.249133340967503,0,0.121394921862929
1,783,PB,0.916843496609607,1,0.698963816049441,0.76133934357564,0.748256397490003,0.316789854900659,0
1,783,D,1,0.435415647406841,0,0.740564219039072,0.475496858789719,0.438543492559268,0.262760053006911
1,783,KL,0.00388333182504287,0.0238398523069476,0.00245385435990976,0.00323535881968952,1,0,0.00827152005713486
1,783,KLnrm,0,0.877004109118735,0,0,1,0,0.264818999198404
1,783,CV,1,0.938037595240512,0.829915285116964,0.697224676630134,0.538293550096661,0.29921132038934,0
1,783,FVG,0.680540363132619,0.941211810051222,0.614368508292391,0.632442958551983,0,1,0.483794217883316
