run_no,sample_size,criterionName,4,5,6,7,8,9,10
1,2760,DB,1,0.872118692014275,0.32595905505703,0.323673887243859,0.197715674552011,0,0.0731793846958174
1,2760,PB,0.760582476209978,1,0.489770725989507,0.529958987907476,0.387574037883542,0.09898950130541,0
1,2760,D,0.723655339348024,0.762194768406456,1,0.238990530878557,0.919138732583767,0,5.94658032336823e-05
1,2760,KL,0.274181537945093,1,0,0.362570484074794,0.743804615334009,0.0992873270190194,0.104417396672068
1,2760,KLnrm,0.154485493228104,1,0,0.281104861237294,0.521838777656408,0,0
1,2760,CV,1,0.924990218431241,0.823569152920638,0.694518038470743,0.533814376524954,0.302076707666224,0
1,2760,FVG,0.00280623669144697,1,0,0.135338572142101,0.638159436994645,0.0645162442195858,0.00668593951336593
