run_no,sample_size,criterionName,4,5,6,7,8,9,10
1,3916,DB,0.857682870096358,0.0650538871732724,1,0.58346203451928,0.655792071896576,0,0.695366648797855
1,3916,PB,1,0.785855701356679,0.647649254957764,0.464804560543986,0.133653732751504,0,0.0466432014291818
1,3916,D,0.755431232758242,0.538266915677099,0,1,0.511351460848296,0.398696888059977,0.712769547310551
1,3916,KL,0.158486165192629,0.0972645623521339,1,0,0.755391148166602,0.0247242822009642,0.496514019606576
1,3916,KLnrm,0.000498547986692092,0,1,0,0.557270562410106,0,0.285230718416606
1,3916,CV,1,0.924997600221238,0.841983439474763,0.699634276130573,0.540435085320684,0.300943762783901,0
1,3916,FVG,0.552232000047703,0.360604955256044,0.458500320299442,0.737083777470089,0.351335359534221,0,1
