run_no,sample_size,criterionName,4,5,6,7,8,9,10
1,3214,DB,1,0.0615164423667974,0.727444935146081,0.44119474863578,0.510477622847371,0,0.541457320199446
1,3214,PB,0.371008010877633,0.463730030202701,1,0.396748155250247,0.41601908246016,0.0292291834716453,0
1,3214,D,0.833884237438747,0.480100700042239,0.866692718773297,0.605148649338836,1,0,0.600145830737504
1,3214,KL,0.178976510413139,0.340614397356567,0.510579812454977,0.262477666997218,0.255438117323465,1,0
1,3214,KLnrm,0,0.522186580060292,0.976686697661663,0.014761274878887,0,1,0
1,3214,CV,1,0.924084883412747,0.834116022175097,0.696567725575784,0.530867924475693,0.304218423737019,0
1,3214,FVG,0.921335498309697,0.832066030890497,0,0.903642624443645,0.882396446430713,0.916407990395943,1
