run_no,sample_size,criterionName,4,5,6,7,8,9,10
1,2892,DB,1,0.948072624041823,0.24334475845459,0.272260235575891,0.187912438270744,0,0.146664384241364
1,2892,PB,1,0.688953479681554,0.578301429899641,0.32593595197594,0.197308512133071,0.146854699117187,0
1,2892,D,1,0.534507956673963,0.872065797653232,0.626747030627383,0.351046753832901,0.35098630426813,0
1,2892,KL,0.790369128147532,0.555626023246741,0.305399936494478,0.247341586833318,0.76531309529983,0,1
1,2892,KLnrm,1,0.41102453962713,0.0280701032800556,0,0.494659197885139,0,0.637955878525951
1,2892,CV,1,0.924213611997997,0.817277736568368,0.69043913832719,0.522120317629317,0.289676150921067,0
1,2892,FVG,1,0.423894552850222,0.617027052346979,0.219103870760053,0,0.169811276402956,0.0144012053193193
