run_no,sample_size,criterionName,4,5,6,7,8,9,10
1,874,DB,1,0.911797216562222,0.326099181094339,0.382274810340833,0.189516609502082,0,0.0485988892656009
1,874,PB,1,0.958613458442447,0.771682633509988,0.724435488885972,0.528799481091987,0,0.147079933253643
1,874,D,0,1,0.399875980816257,0.561888753080905,0.842617686246318,0.000134964901860659,0.049934269186851
1,874,KL,0.179876891594862,0.336143525399135,0.0702574038410534,0.608971558449183,0.615051169307037,0,1
1,874,KLnrm,0.26963336465195,0.77140585986259,0,1,0.275190904782778,0,0.795613400348999
1,874,CV,1,0.926987611790999,0.822236105563643,0.70140844629631,0.516873932261725,0.278775896137306,0
1,874,FVG,0.947945289524385,0.979906779903039,0.904238951934526,1,0,0.820631766089679,0.989942529590277
