run_no,sample_size,criterionName,4,5,6,7,8,9,10
1,1293,DB,0.937792260271902,0.061394038309503,1,0.79412047565827,0.726106797033786,0,0.764925338126174
1,1293,PB,0.47727505502384,0.63956670181804,1,0.580426238602362,0.300977219888321,0.164942725534007,0
1,1293,D,1,0.995733545140002,0.280485097280464,0,0.458558321132105,0.744181959339522,0.107819662807122
1,1293,KL,0.0451188874610699,0.070396055189705,0.962494086280085,0.0234948520842542,1,0,0.0692935804048967
1,1293,KLnrm,0,0,1,0,0.333737446182862,0,0
1,1293,CV,1,0.925351751021885,0.858365492025853,0.718336238588317,0.539065849367932,0.304437171230864,0
1,1293,FVG,0.855737119269882,0.792470370680317,0,1,0.971079172746342,0.94627713888259,0.957671681462688
