run_no,sample_size,criterionName,4,5,6,7,8,9,10
1,905,DB,1,0.840558864521191,0.339177143967463,0.280635301169736,0.270118842382941,0,0.096598979171335
1,905,PB,0.651664803805751,1,0.203082946445046,0.251165260153652,0.132395328072077,0.0277803110800988,0
1,905,D,0.861104906657856,0.628962993556914,1,0.521049727407897,0.0806862712704444,0,0.0822696183710557
1,905,KL,0.395149830334939,0.281676831274419,0.905356251309873,0,0.473579873124888,1,0.281663818712038
1,905,KLnrm,0.240094964868254,0,1,0,0.469906104699062,0.97881150634466,0
1,905,CV,1,0.918910914309428,0.816292216151122,0.684674129365871,0.528531968411204,0.295750786660375,0
1,905,FVG,0.0102122225644449,1,0.0262814666796872,0.118637005945733,0.0708031838791199,0,0.224441832383626
