run_no,sample_size,criterionName,4,5,6,7,8,9,10
1,3770,DB,1,0.147282697666623,0.943437537140074,0.707548573478486,0.68560824267602,0,0.743822120779317
1,3770,PB,0.943235477434605,1,0.699094091406216,0.700644837575411,0.204344911663132,0,0.0665472377823859
1,3770,D,0.675295868491532,1,0.710337188668822,0.874195335539936,0.841985429058892,0,0.152593466316439
1,3770,KL,0.0573682729135381,0.537610843207034,0.0472028004257235,1,0.350858100923338,0.212860113566949,0
1,3770,KLnrm,0,0.531205663367137,0,1,0.121761203619527,0,0
1,3770,CV,1,0.922581469844031,0.825482861142552,0.699094949459635,0.52928398600981,0.305978024155075,0
1,3770,FVG,0.351232851969742,0.598484769485645,0.188322335654357,1,0.443250005486332,0,0.196500241088949
