run_no,sample_size,criterionName,4,5,6,7,8,9,10
1,2790,DB,1,0.879118634658549,0.298701807407963,0.317668427483907,0.262330208654933,0,0.121139913772945
1,2790,PB,0.157377767073197,0.713438286877887,0.0485647347332005,0,0.400720807514615,1,0.259968032230518
1,2790,D,0.435418389406175,0.435418194574353,0.193916941343006,0.0599841884234146,1,2.9468313209885e-05,0
1,2790,KL,0.583374237094854,1,0.147434022823435,0.456216742104812,0.609269238146153,0.804085357564999,0
1,2790,KLnrm,0.575637441307,1,0,0.16603528374423,0.392821724805979,0.47675170027659,0
1,2790,CV,1,0.923075476716383,0.818826046043801,0.6863337311545,0.522859503279821,0.312181090629186,0
1,2790,FVG,0.975163530508,1,0.978468808323142,0.971666295471469,0.969360283387351,0,0.97311253326255
