run_no,sample_size,criterionName,4,5,6,7,8,9,10
1,1843,DB,1,0.0233858913793433,0.981193723106642,0.407030278141018,0.238297762591306,0,0.73980943250759
1,1843,PB,0.672898280121076,1,0.561392603244923,0.71950085240122,0.701773226483584,0,0.396262578233423
1,1843,D,1,0.876619775284514,0,0.87676273634831,0.378773499799464,0.378791427392673,0.378957372550327
1,1843,KL,0.0222041656849799,0.328463114126503,0.326126609718316,0.194925845386828,1,0.0572280074417786,0
1,1843,KLnrm,0,0.538816331131396,0.424111170383208,0,1,0,0
1,1843,CV,1,0.914583664027068,0.825628831509997,0.69486973266604,0.518909860785214,0.290597009371002,0
1,1843,FVG,0.836540033027074,0.925983419310315,0.822137734051001,0.833876924862207,0,0.787201492787623,1
