run_no,sample_size,criterionName,4,5,6,7,8,9,10
1,857,DB,1,0.952341170131502,0.31134162448308,0.316885949132215,0.186497646031973,0,0.119784295865022
1,857,PB,1,0.861666880686012,0.484555318446082,0.645221274764571,0.196040413387351,0.0608597500188696,0
1,857,D,0.441144597076328,0.441144597076328,0.44103734258258,0.997559459746244,0.441144597076328,1,0
1,857,KL,0.00338098047995601,0.00672918156590384,0.00222171152310995,1,0,0.00296363365193831,0.00579849397505745
1,857,KLnrm,0,0.489343111983778,0,1,0,0,0.332495771884837
1,857,CV,1,0.926179339498921,0.824057602648102,0.703243963847474,0.516355249948094,0.292321070489016,0
1,857,FVG,0.886113133846261,1,0.766082500944083,0,0.831067905887248,0.796167710171681,0.748376871640325
