run_no,sample_size,criterionName,4,5,6,7,8,9,10
1,1428,DB,1,0.323599865226565,0.643824004192058,0.520813999557071,0.313963883390123,0,0.482498987005161
1,1428,PB,1,0.723677495674611,0.899225754475025,0.404196549268087,0.522844016180281,0.120881059636788,0
1,1428,D,0.999850673600096,0.461814747783587,1,0,0.610314026427725,0.425447315925185,0.461988543635576
1,1428,KL,1,0,0.460997385139209,0.00476001885414614,0.346427404680643,0.133316501763608,0.524684928606813
1,1428,KLnrm,1,0,0.429196251322046,0,0.376302659997475,0,0.364849464476668
1,1428,CV,1,0.915495628559929,0.818373206615742,0.680999287392772,0.525596682809307,0.29085683185441,0
1,1428,FVG,1,0.771801911493664,0,0.766688650246464,0.873620836783001,0.883628901648517,0.881611602203905
