run_no,sample_size,criterionName,4,5,6,7,8,9,10
1,2672,DB,1,0.871349636379357,0.3691624139311,0.315673440694561,0.19904350651687,0,0.0518510172053797
1,2672,PB,1,0.938394914544634,0.360721980478321,0.570786759741143,0.196367308642683,0.289726538922577,0
1,2672,D,0,0.433623753515006,0.43364803952323,1,0.433744733815231,0.276978550732459,0.277463371415143
1,2672,KL,0.264926229178208,0.391145335145755,0.234848270340753,0.164957410584045,0.878840935040712,0,1
1,2672,KLnrm,0.170595466036176,0.479048253048296,0.0267909987606187,0,0.773865372779906,0,1
1,2672,CV,1,0.924376500628835,0.819320858264416,0.685490872365563,0.515582053431914,0.287127081824765,0
1,2672,FVG,0.356610428890739,1,0.0281915706145882,0.634282584196386,0,0.491818374914135,0.0166052357337747
