run_no,sample_size,criterionName,4,5,6,7,8,9,10
1,784,DB,1,0.103992705239732,0.986951910099407,0.746844862430296,0.784176864433842,0,0.829297584247675
1,784,PB,0.297964620067221,0.68095277020079,1,0.348649571334465,0,0.00275656564754564,0.126555419471259
1,784,D,1,0.787489633712419,0.179848881042976,0.505717073448389,0.17985257534774,0.402060765293019,0
1,784,KL,0,0.442975647768689,1,0.854540124329938,0.0655280233208781,0.178707540194426,0.344303939281008
1,784,KLnrm,0,0.431393483967839,1,0.381531233540631,0,0,0.0580514098118245
1,784,CV,1,0.924370458037371,0.838937174013273,0.704784100526218,0.528833972585943,0.28947965155175,0
1,784,FVG,0.110910763688295,0.0539289100817162,1,0.67222725984865,0.0908089387488675,0,0.489228886021295
