run_no,sample_size,criterionName,4,5,6,7,8,9,10
1,1353,DB,1,0.869198571199417,0.381762883340234,0.343282766656112,0.23265283260861,0,0.0728391506268159
1,1353,PB,0.990171490868404,1,0.584431698914345,0.48385145586734,0.051077486075681,0.127219144753148,0
1,1353,D,0.535809918742337,0.611153480174172,0.326511294145464,0.604691888039854,1,0.611598458675489,0
1,1353,KL,0.980914134938362,0.375646964084237,0.368432302739127,1,0,0.321894489757969,0.795112921607088
1,1353,KLnrm,1,0.133788235763906,0.117208617924226,0.566913893087972,0,0.0472798186656817,0.374241151626052
1,1353,CV,1,0.920544562356245,0.82814108723075,0.69690714148823,0.519462363630833,0.306706441940578,0
1,1353,FVG,0.336089376742903,0.717790995272273,0.233786625520442,1,0,0.178940933663391,0.0254955557880447
