run_no,sample_size,criterionName,4,5,6,7,8,9,10
1,2981,DB,0.858112415099491,0,1,0.594078050726465,0.574714703009664,0.111739115143816,0.865504648881522
1,2981,PB,0.281855553977041,0.372967764432782,1,0.88660079208966,0.534305074124341,0.328173089503436,0
1,2981,D,1,0.160355898856627,0.604314855673526,0.988691105772083,0.54332663273914,0,0.505009149040359
1,2981,KL,0.0365934023228316,0.0457459234934163,0.550972711365447,0.0754986196097585,1,0,0.0948436389114832
1,2981,KLnrm,0,0,1,0,0.600272303265669,0,0
1,2981,CV,1,0.911475120722634,0.848360836628946,0.694663990455631,0.527214177753861,0.269147103109594,0
1,2981,FVG,0.898424213289033,0.815569032770202,0.908427702761233,1,0,0.956520604380119,0.831473265780749
