run_no,sample_size,criterionName,4,5,6,7,8,9,10
1,1139,DB,1,0.84577990384724,0.304809996607274,0.312118877061551,0.178173329163823,0,0.0659491790161724
1,1139,PB,0.565107573619297,1,0.387162648467779,0.242840380048088,0.139788077456439,0.1351656058687,0
1,1139,D,0.390131678250886,0.453119567672438,0.715404583052463,0.390140222100661,0.185199335682819,1,0
1,1139,KL,0.563612024085338,0.395561134709366,0.295764149261775,1,0,0.303290972378274,0.330088758700349
1,1139,KLnrm,1,0.352613819973712,0.0833772435944448,0.697066145636846,0,0.0961273590340023,0.141211324481848
1,1139,CV,1,0.920413808675412,0.822220549677935,0.690179107026109,0.513248011107691,0.30076702381728,0
1,1139,FVG,0,1,0.273975745184529,0.230654485695226,0.0698207453498112,0.207310377816141,0.0346047119768925
