run_no,sample_size,criterionName,4,5,6,7,8,9,10
1,3334,DB,1,0.352679158891917,0.794251123966213,0.535574181563715,0.514222446813219,0,0.513883252468293
1,3334,PB,1,0.43937876907614,0.608151973252379,0.096571038111257,0.0439244800213325,0,0.0305981036675418
1,3334,D,0,1,0.0655769622712015,0.608829121141356,0.766732231718849,0.766714539089172,0.431639805731034
1,3334,KL,0.571011344999268,0,0.366729500068508,0.0161817540783501,1,0.0156600393434765,0.053875972414651
1,3334,KLnrm,0.747878979698644,0,0.649818557395145,0,1,0,0
1,3334,CV,1,0.915901931735924,0.806256901247746,0.666625105819132,0.512198568834579,0.289138356214804,0
1,3334,FVG,0.832795439254378,0.0486641665193522,1,0.10548503004495,0.0942039303304604,0,0.225814871285198
