run_no,sample_size,criterionName,4,5,6,7,8,9,10
1,2882,DB,1,0.900084426917763,0.458919539799857,0.384636970349658,0.235573542113459,0,0.19081827002718
1,2882,PB,1,0.490325828369632,0.160271476793896,0.347223521174628,0.333346620977613,0,0.0337347735095479
1,2882,D,0.64679554076769,1,0.644856704459059,0.881114392720125,0.625402399684646,0,0.625404104731301
1,2882,KL,0.161057278735137,0.0997741286246808,0.288185685265708,0.0824852457335618,0.624071147760382,0,1
1,2882,KLnrm,0.0344119192966614,0,0.423139220759095,0,0.697433334017003,0,1
1,2882,CV,1,0.918038717646063,0.814795479787038,0.678003954439281,0.527557660605517,0.280811207896926,0
1,2882,FVG,1,0.683550871491686,0.211126539087667,0.331686894074269,0.932955980889059,0.250862858650078,0
