run_no,sample_size,criterionName,4,5,6,7,8,9,10
1,1259,DB,1,0.787933135476015,0.589163504165581,0.629029572345534,0.473272218534052,0.297517670060397,0
1,1259,PB,1,0.886871994650079,0.686990881781609,0.544256265457981,0.227496364389058,0.1122931416986,0
1,1259,D,0.325969061889993,1,0,0.437784774227799,0.64080226980476,0.64080226980476,0.641191359516389
1,1259,KL,0.853737552198106,0.00522853363226495,0.339959451917922,1,0.0333952572964955,0,0.80668342525948
1,1259,KLnrm,1,0,0.326628880803842,0.480578848836055,0.0103884267719808,0,0.214028923498997
1,1259,CV,0,0.384963313107026,0.758206997727956,1,0.681606951068029,0.332573883472087,0.00943076990981184
1,1259,FVG,0.197188393926394,0.146201135121139,0.0370424552718203,0.650654272889289,0,0.0129610904104205,1
