run_no,sample_size,criterionName,4,5,6,7,8,9,10
1,2753,DB,1,0.779704451433187,0.589915493276294,0.607595168239597,0.436703131307874,0.251756899786618,0
1,2753,PB,0.714646750361943,1,0.912102064519406,0.506663333941383,0.303911064724912,0.183000099289044,0
1,2753,D,0.322119044380695,0.69430896899577,0.836026507516849,1,0.796097161506576,0,0.13191368391138
1,2753,KL,0.501870591268455,0,1,0.724599556603252,0.339316342283909,0.220621116545848,0.35503441701981
1,2753,KLnrm,0.75776071993085,0,1,0.461569540530596,0.160220176034734,0.0827156541728356,0.118581654862944
1,2753,CV,0.390242827121002,0.629859685733927,1,0.992955711115574,0.718352544288068,0.387630202592703,0
1,2753,FVG,0,0.186401110102459,0.588975799325877,0.355563256228633,0.161617471469251,0.317751171560967,1
