run_no,sample_size,criterionName,4,5,6,7,8,9,10
1,1103,DB,1,0.780600707241443,0.581557207352409,0.598594882155887,0.419999939771135,0.224781033998749,0
1,1103,PB,0.555595925038788,1,0.878028268372021,0.386960400764459,0.225298602257873,0.138834546338967,0
1,1103,D,1,0,0,0,0,0.418368560905097,0.418368560905097
1,1103,KL,0.247988007233731,0.0636132329017322,1,0,0.181142006391058,0.0997876077680188,0.15640402748567
1,1103,KLnrm,0.526410051294155,0.0065868111667162,1,0,0.126815677537465,0.0384835489568271,0.0808034304518851
1,1103,CV,0,0.563073945196776,1,0.888012194911727,0.772360006008801,0.505135801374636,0.164239751176518
1,1103,FVG,0,0.386762302359566,1,0.463711639290742,0.279737686141534,0.405370372315984,0.838419739109992
