run_no,sample_size,criterionName,4,5,6,7,8,9,10
1,3192,DB,1,0.892433609058111,0.922132268730382,0.75037524703718,0.746331855000119,0.220959568591873,0
1,3192,PB,0.71058262992375,0.937077708629832,1,0.786857773249008,0.265801334864132,0.121373358671985,0
1,3192,D,0.75327421491012,1,1,0.52835679702664,0,0,0.176557653339812
1,3192,KL,0.224367462496097,0.414737729862024,0.262653049557768,0.124474935066292,1,0,0.947821355555186
1,3192,KLnrm,0.397579611800175,1,0.33347818052308,0,0.985568249988856,0,0.55110385918778
1,3192,CV,0,0.901527184725014,0.94436123785828,0.754803073548617,1,0.606230788141696,0.375815768413308
1,3192,FVG,0.312690140967698,0.371955230611378,1,0,0.897558625217446,0.582882602038823,0.739515732201862
