run_no,sample_size,criterionName,4,5,6,7,8,9,10
1,2064,DB,1,0.912062802610991,0.931994768555402,0.800783195974813,0.658775615453825,0.261783590782041,0
1,2064,PB,0.970557683287917,0.92242559570911,1,0.75238010284093,0.500777781294691,0.199853824307176,0
1,2064,D,0.999898937616334,0.281880540013083,0.394560386483248,0,1,0.731279371255253,0.731279371255253
1,2064,KL,0.565679008010357,0.639927383368039,0.114656711318759,0.500643908151987,1,0,0.227182799873454
1,2064,KLnrm,1,0.71702541643266,0,0.370475842083841,0.385193704499685,0,0.0496530105096032
1,2064,CV,0.440946830772,0.821157437616723,0.764685102265824,1,0.838663006547713,0.337434466620165,0
1,2064,FVG,0.301713173037057,0.0292995531996187,0.416602668315408,0.519997930429942,1,0.75341992618215,0
