run_no,sample_size,criterionName,4,5,6,7,8,9,10
1,1588,DB,1,0.939914070462123,0.989483725843482,0.885428380018203,0.83745870920049,0.364182701581072,0
1,1588,PB,0.410329530252695,0.887008649633103,1,0.660904028339383,0.437210911637864,0.238992044893673,0
1,1588,D,0.217312732901467,0.166820623092361,0.166823577952586,0,1,0.999986703128985,0.869201240706411
1,1588,KL,0.190820027222094,0.293105389840542,0.635863337592967,0,1,0.250880050027,0.0635147031636431
1,1588,KLnrm,0.350077205406918,0.683416014744934,1,0,0.858965802696544,0.0997208045247821,0
1,1588,CV,0,0.522224285653991,0.789433165913983,0.815447600557127,1,0.78532477947073,0.584264550711181
1,1588,FVG,0.0160131930619076,0.131213940307964,0.693425586560457,0.367793751856294,0.896279655936313,1,0
