run_no,sample_size,criterionName,4,5,6,7,8,9,10
1,3806,DB,1,0.977211336001574,0.956110666976437,0.759578769131813,0.67235853089447,0.316622637915902,0
1,3806,PB,1,0.924992375601773,0.956422115767638,0.875849158982,0.601309980672103,0.211307374792458,0
1,3806,D,0.078525174231398,1,0.999986449687246,0.321335921165114,0.321335921165114,0.321335921165114,0
1,3806,KL,0.033085274180225,0.15460474959114,0.0576146039903596,0,0.0866313966324872,0.028158531472925,1
1,3806,KLnrm,0.299012602565765,1,0.254369871909983,0,0.303374471547874,0.0618159473862673,0.42312131091174
1,3806,CV,0,1,0.990563435388032,0.878809458801408,0.871654276924116,0.592657072004999,0.206406730712394
1,3806,FVG,0.294436846596267,0.0976382558279627,0.235654145704705,0.540889498628717,1,0.775580810659364,0
