run_no,sample_size,criterionName,4,5,6,7,8,9,10
1,957,DB,1,0.908398059044643,0.880144072432485,0.726711254492796,0.665747189163367,0.243423956572486,0
1,957,PB,1,0.742390646765335,0.905146975609552,0.883463549853227,0.409170484441781,0.16524050236751,0
1,957,D,0,0.999365381719235,1,0.000221872314313742,0.000496466762721839,0.000496466762721839,0.498896618485308
1,957,KL,0.24674191700978,1,0,0.725116227113783,0.522027986590413,0.121264022174707,0.725892234200102
1,957,KLnrm,0.19719978550342,1,0,0.540110814635242,0.250828315891913,0,0.254412880716651
1,957,CV,0.667464315949631,1,0.79591742494657,0.818623788577552,0.667640738131464,0.322291357089152,0
1,957,FVG,0.75901293134524,0,0.291045704026415,0.342848687990881,1,0.688180357556423,0.359577604015456
