run_no,sample_size,criterionName,4,5,6,7,8,9,10
1,2845,DB,1,0.897124876813522,0.990394481045205,0.843633653336982,0.820947398525907,0.215397854767127,0
1,2845,PB,0.486395761643308,0.947715669637828,1,0.668177077844921,0.466174541516928,0.280535317822246,0
1,2845,D,1,0,0.545373082668145,1,1,1,1
1,2845,KL,0.148287728280738,0.239746560563516,0.259103024488817,0.0244948833006592,1,0,0.42641367057544
1,2845,KLnrm,0.412279349204225,0.738637383555401,0.561215043515607,0,1,0,0.260802440654689
1,2845,CV,0,0.53443741559457,0.837521827748567,0.790088617297374,1,0.758208097926628,0.556558121843501
1,2845,FVG,0.220301800835656,0.366435435438409,0.989288014075253,0.510785732792808,1,0,0.735340455349971
