run_no,sample_size,criterionName,4,5,6,7,8,9,10
1,119,DB,0.201193985919022,0.447888479086013,0.73197034619652,0.858758724525862,1,0.379745921977896,0
1,119,PB,1,0.713050467067828,0.834693671294528,0.811928454664479,0.498593674480045,0.23417193403734,0
1,119,D,0.331797924131969,0,0.296982799922692,0.469158177098475,1,0.296982799922692,0.188232551825351
1,119,KL,0.443347325690654,0.365543180945326,0.209468846166491,0.213867032944935,1,0.204579169673036,0
1,119,KLnrm,0.83222672204558,0.531538955906538,0.14948728837368,0.163872187873981,1,0.0637943018239329,0
1,119,CV,0,0.325118078562109,0.526149446347108,0.729780434094864,0.922823234066865,0.968534802357423,1
1,119,FVG,0.643661762287619,0,0.192650809379731,0.563483575717998,0.873499069588826,1,0.31715879232922
