run_no,sample_size,criterionName,4,5,6,7,8,9,10
1,112,DB,1,0.831004408404778,0.464767406516093,0.295493069136892,0.402996146042982,0,0.0389870736590748
1,112,PB,1,0.911125991731597,0.605230368337505,0.536740234417189,0.261474688222609,0.195272142372063,0
1,112,D,0.205083545858899,0.22896776956609,0.140547045226624,0.180410929171381,0,0.229515460403599,1
1,112,KL,0.98104953271886,0,0.295956039918065,0.856977952489502,0.459535862949836,0.00254156479183919,1
1,112,KLnrm,1,0.0229800355554361,0.334755924533851,0.550472289929608,0.217372992794499,0,0.235811188466937
1,112,CV,0,0.311886735625179,0.628738666497432,0.826154002046947,0.924708446862664,0.957194168551566,1
1,112,FVG,0.983203736520479,0.986373002646844,0.974047014846261,1,0.976459812340283,0.762850870243991,0
