run_no,sample_size,criterionName,4,5,6,7,8,9,10
1,120,DB,1,0.138246218252742,0.632004753699756,0.580961606061207,0.454512815532766,0.514630341983579,0
1,120,PB,1,0.743086244308314,0.407147638310876,0.669409396443248,0.366536460581296,0.311207670896104,0
1,120,D,0,0.026107106418287,0.026107106418287,0.515132165124947,0.295914538204251,0.792822078921389,1
1,120,KL,0.422234009544124,0.55504440964764,0.218090359874835,0.219490770946494,0.723756170526576,0,1
1,120,KLnrm,0.925860122003385,1,0.143964317861568,0.150808208424446,0.864840297078628,0,0.881724325500129
1,120,CV,0,0.350632369233796,0.531731888972004,0.685920017423466,0.843634100092052,0.891536819935889,1
1,120,FVG,0.664443257047014,1,0,0.787853839434482,0.521591818193284,0.688123713797808,0.754386471340676
