run_no,sample_size,criterionName,4,5,6,7,8,9,10
1,114,DB,1,0.667838678296479,0.307551329858604,0.817860516389544,0.696556561288153,0.52597234971344,0
1,114,PB,1,0.83323705103144,0.585554924594031,0.456649485098994,0.253081215668716,0.160701532144456,0
1,114,D,0.234323352826139,0,0.330885427450199,0.108721111970073,0.330885427450199,0.428676998959567,1
1,114,KL,1,0.151485627687376,0.456204365080459,0.968619446663838,0.287280494740238,0.944509440805986,0
1,114,KLnrm,1,0,0.358996925167119,0.629617177750104,0.0536157295606787,0.322056099080015,0
1,114,CV,0,0.266361746058913,0.603829108507795,0.848291922638534,0.934175749343607,0.997551045676184,1
1,114,FVG,0.413153825531177,0.253983804171112,0.0237679443865071,0.559655734863567,0,0.726332162761508,1
