run_no,sample_size,criterionName,4,5,6,7,8,9,10
1,789,DB,1,0.762404528964719,0.500547034241062,0.284811023258967,0.348654475725694,0.100877388236536,0
1,789,PB,0.98634452428718,1,0.735983611767389,0.557036641293045,0.635729903248441,0.273985259397954,0
1,789,D,0.847035589332314,0.977895885169388,0.711280061085552,0,0.97857774327056,1,0.979481593026509
1,789,KL,0.688709722408079,0.61705970292942,0.494296059411892,0.394942712506083,0.304721702202677,1,0
1,789,KLnrm,1,0.591481618578928,0.297016691851357,0.13668099036223,0.0201212792592993,0.459059123128583,0
1,789,CV,1,0.933083614699878,0.840153109424122,0.710575210342744,0.539519714106265,0.316862053225956,0
1,789,FVG,0.338545515331134,0.553365627382261,0.45298975621942,0.102106427471005,0.74459301554817,1,0
