run_no,sample_size,criterionName,4,5,6,7,8,9,10
1,1439,DB,0.956084538983088,0.436622443179941,1,0.371015654498625,0,0.0823655539152118,0.0859628181960922
1,1439,PB,1,0.583429113338115,0.783071792953828,0.506887613645454,0.408740059334602,0.322663862437806,0
1,1439,D,0.386987220676074,0.529752511313667,0.13925019832681,0,1,0.800744756780767,0.212756961120966
1,1439,KL,0.118799326732849,0.0941551606599773,1,0.294347869769974,0,0.26366965514764,0.0883094871013861
1,1439,KLnrm,0.193016410718839,0.147717121031175,1,0.24635638957621,0,0.193619095726494,0.0583670508136256
1,1439,CV,1,0.9348905228653,0.845697114723517,0.713818259003726,0.538650381775871,0.309387373923851,0
1,1439,FVG,0.942107664767684,0,0.831705884248414,0.300916135123025,0.320707482281392,1,0.02090373406006
