run_no,sample_size,criterionName,4,5,6,7,8,9,10
1,776,DB,1,0.384683508413509,0.929951325844392,0.101706781981873,0.263727526719288,0.537080854250381,0
1,776,PB,1,0.627628917836987,0.909732855022385,0.390230641553658,0.269000723421825,0.223254196497958,0
1,776,D,0.654605086890049,0.637656300383966,0,1,0.970849528751955,0.183412651910293,0.0108499012853888
1,776,KL,0.361229264768849,0.458132267573687,0.66580280449064,0.15461591427392,0.349872216091234,1,0
1,776,KLnrm,0.566598375858495,0.798288675016228,1,0,0.278458636306707,0.901245010681158,0
1,776,CV,1,0.93518983131023,0.837228189986003,0.706616523278557,0.542676764334232,0.321794631646516,0
1,776,FVG,0.997514098378759,0.931988242692207,0,0.960951426047852,0.952736936538182,1,0.939354093094697
