run_no,sample_size,criterionName,4,5,6,7,8,9,10
1,783,DB,0.659203345483638,0.508736764061038,0,0.294630111444533,0.752331550115251,0.730165438121717,1
1,783,PB,0.714502956231861,0.380211444710813,0.602138480810645,1,0.315362809487952,0.0984491345705791,0
1,783,D,0.996064813463074,0.272449541695134,0.264081511890233,0.267102813804362,1,0,0.29736222467482
1,783,KL,0.318801752005537,0.298902718786477,0.405206214322563,0.964263315717916,0,0.647312320324462,1
1,783,KLnrm,0.0846653344395421,0.0127316262285063,0.354884954960987,1,0,0.744950065314839,0.666962183000488
1,783,CV,1,0.931813270041338,0.83584921054582,0.701072318737458,0.516878139184525,0.311196592070507,0
1,783,FVG,0.613565654411594,0.377598352379963,0.304704886285567,1,0.469286565166172,0.399731849713235,0
