run_no,sample_size,criterionName,4,5,6,7,8,9,10
1,3916,DB,0.487781662440346,1,0.575049427572239,0.0597268190590564,0.181725700833186,0,0.168176807116138
1,3916,PB,0.991637528665261,1,0.916876268724819,0.403197247938483,0.216911484817542,0.0886581096964098,0
1,3916,D,0.22077397265724,0.573527667673425,0.303994675584646,0.303994675584646,0.573692303203705,1,0
1,3916,KL,0.0377014095266747,0.268770945096063,1,0,0.196326105150054,0.0557071110498279,0.0700183662749475
1,3916,KLnrm,0,0.441540902379552,1,0,0.152912685959136,0.0124694103612735,0.0266300886748935
1,3916,CV,1,0.932182422906574,0.839567188100853,0.708710691248059,0.536794767790337,0.307274824796729,0
1,3916,FVG,0.191226052130854,0.193655433837938,1,0.287851586708405,0.171309433287033,0.109744213179878,0
