run_no,sample_size,criterionName,4,5,6,7,8,9,10
1,3214,DB,0,0.432761079703775,0.505302265135994,0.654450254472279,1,0.596556234858228,0.370930439712753
1,3214,PB,0.339485616580853,0.744821927773591,1,0.721146705501921,0.693519986883457,0.165227107705831,0
1,3214,D,0.462941609299526,0.813354011193427,0.689621990404773,0.70789451363615,0,1,0.9999068290757
1,3214,KL,0.320218553261566,0.949803790979484,0.864652155969725,0.14879136092415,1,0,0.262983317936286
1,3214,KLnrm,0.446802928092688,1,0.705201895072348,0.119281445373584,0.580015694958769,0,0.143900307347997
1,3214,CV,1,0.92789515691514,0.833515478002062,0.703528491184121,0.535621745266501,0.307189437971342,0
1,3214,FVG,0,0.0260763404633414,0.438928708717724,0.101420407602805,1,0.239148819848473,0.996114180741266
