run_no,sample_size,criterionName,4,5,6,7,8,9,10
1,1281,DB,1,0.673735646216635,0.624272151358837,0.427202757308418,0.139224368371292,0,0.139426991713004
1,1281,PB,1,0.638063663109431,0.558781212635381,0.39675664769805,0.244143212228556,0.109285774529795,0
1,1281,D,0.56922838923317,0.809601146172538,0.809651458464137,0,0.68229697213382,1,0.588230129257991
1,1281,KL,1,0.28457663611511,0.804123083449293,0.503493348332791,0.3726898047476,0.446596453026742,0
1,1281,KLnrm,1,0.108335512586747,0.490197132141519,0.19837079010505,0.0996788095699393,0.11611011122799,0
1,1281,CV,1,0.934634793595343,0.847323565455659,0.720473818847077,0.547118409217021,0.31895866461809,0
1,1281,FVG,1,0.103191558554503,0.277697746869557,0.17995403600134,0.178230803501784,0,0.18776006637034
