run_no,sample_size,criterionName,4,5,6,7,8,9,10
1,3097,DB,0.47794598306645,0.948087781785203,0.738985675976603,1,0.930458564481682,0.185727192720146,0
1,3097,PB,1,0.684268979061698,0.674453109275821,0.319242859880233,0.51978015772385,0.10866718568776,0
1,3097,D,0.651110236068821,1,0.476587471903012,0.308384974808482,0.651178558721,0,0.798113029565573
1,3097,KL,0.116772244606412,0.433674168585325,1,0.0570411448256033,0.907652142145766,0.242112693381812,0
1,3097,KLnrm,0,0.538297571077236,1,0,0.652110872770584,0.0917080647804162,0
1,3097,CV,1,0.936705577050691,0.843282350551415,0.715529735155901,0.543548780510712,0.315016597870009,0
1,3097,FVG,0.549236130783636,0.226384760733493,0.623479123791014,0,1,0.236341160009142,0.228032376092622
