run_no,sample_size,criterionName,4,5,6,7,8,9,10
1,2051,DB,1,0.837271850092498,0.810604014494111,0.246401184821929,0.355139233825918,0.27718292355301,0
1,2051,PB,1,0.688761277745771,0.599205468046998,0.465135029461111,0.408309404136442,0.384229137592924,0
1,2051,D,0,0.555731863222105,0.910738958240435,0.910649446786264,1,0.910743076865627,0.911494588675648
1,2051,KL,0.460054396399268,0.690491428951995,0.323345351718821,0.594159761348396,0.136287715643187,1,0
1,2051,KLnrm,0.745799558358031,1,0.127720243208608,0.483640695775869,0,0.64291372612228,0
1,2051,CV,1,0.937665596612638,0.838888388059155,0.713506133677403,0.53595113905115,0.314448264836259,0
1,2051,FVG,0.480832168546756,0.178655407858566,0.181215270255687,0.0608777416089054,0,1,0.297844395702956
