run_no,sample_size,criterionName,4,5,6,7,8,9,10
1,3770,DB,0.506133141086494,0,0.637417349363972,0.635101807482922,1,0.703122290559361,0.934919554046017
1,3770,PB,1,0.311131999960473,0.212470478373865,0.191349957673317,0.208122935133123,0.205331350402351,0
1,3770,D,0.222820421342405,0,1,0.953150477428757,0.95321977666727,0.867242386530211,0.51190846713777
1,3770,KL,0.0954366819495683,0.29669488947202,0.601742971026808,0.385290277598371,0.613799763547969,0,1
1,3770,KLnrm,0.0288018997466754,0.512634372251106,1,0.513863685127833,0.712236888188266,0,0.885550186532054
1,3770,CV,1,0.932928457772645,0.839930477384352,0.71091259308403,0.536949119407354,0.307891737165899,0
1,3770,FVG,1,0.254108480620361,0.0916276569589369,0.00219893565461171,0,0.397524369643897,0.533948463347182
