run_no,sample_size,criterionName,4,5,6,7,8,9,10
1,963,DB,0.803542545108892,1,0.420686454154176,0.440746843841085,0.642690566081306,0.158870057065183,0
1,963,PB,1,0.64818288558677,0.481361251902851,0.391880773422364,0.150530906189455,0.0798264837911708,0
1,963,D,0.376295272429083,0.294292162432422,0.386910799315693,0.294292162432422,0,1,0.322915501014733
1,963,KL,0.184295140657137,1,0,0.367080257851825,0.119536716047963,0.338895917203838,0.530268452842374
1,963,KLnrm,0.3400999482172,1,0,0.290705037314254,0.075776356415934,0.182231570830069,0.197137786458999
1,963,CV,1,0.951319157449378,0.855327737817156,0.732183677665666,0.554481297132283,0.324218162148945,0
1,963,FVG,0.905211886204977,0.779466895424966,0.64501215601499,1,0.622307473097589,0.645218731170534,0
