run_no,sample_size,criterionName,4,5,6,7,8,9,10
1,1638,DB,0.851516426821314,0.910904153082083,1,0.526623812195503,0,0.158499788641291,0.0174748579013939
1,1638,PB,0.878999735470917,0.954441875730791,1,0.754055859217825,0.453888999813174,0.416814049568628,0
1,1638,D,1,0.486499314756058,0.271130136542698,0.638223750240585,0.262385324988514,0.487002611877071,0
1,1638,KL,1,0.266833081876202,0.615858166071019,0,0.522258545111925,0.299720257155938,0.634587957485038
1,1638,KLnrm,1,0.265018100698616,0.37343174986494,0,0.191579606831882,0.0586763306356589,0.0895744933194138
1,1638,CV,1,0.934497736022545,0.847771832434275,0.72079137897243,0.554177398958935,0.321170006080148,0
1,1638,FVG,0.598534297826628,0.56796229947341,0.802108181941858,1,0.564029453019173,0,0.572028550694471
