run_no,sample_size,criterionName,4,5,6,7,8,9,10
1,2790,DB,1,0.338946231839069,0.467159457562705,0.215344632558714,0,0.229739029206003,0.307891431801576
1,2790,PB,1,0.444412357060079,0.833711506077642,0.284249993704562,0.300649742744307,0.152120812395422,0
1,2790,D,0.99998321380517,0.99998321380517,1,0.242083549978394,0,0.579716918627734,0.57975896889357
1,2790,KL,1,0,0.627756794753029,0.260759443887508,0.445785649223896,0.00886451503527242,0.394841616909209
1,2790,KLnrm,1,0,0.479566105663115,0.12620847358345,0.227051562733385,0,0.176271537842004
1,2790,CV,1,0.925689424121695,0.827134552698298,0.699300525172039,0.528436888808403,0.301807587830496,0
1,2790,FVG,0.980199159243124,0,1,0.129256668859458,0.275514185129909,0.298278352616479,0.166808200189311
