run_no,sample_size,criterionName,4,5,6,7,8,9,10
1,2028,DB,1,0.704527765785946,0.656020139234506,0.12337791297239,0.381901467686796,0.479283283222739,0
1,2028,PB,1,0.713468384124462,0.67934808641605,0.635926450642364,0.426399936823054,0.216102698786217,0
1,2028,D,0.882654142643235,1,0,6.27687000693185e-05,6.27687000693185e-05,0.889438165552901,0.685659808200685
1,2028,KL,0,1,0.317266985456438,0.482099937406637,0.0435066582151579,0.880286717809107,0.219545215370884
1,2028,KLnrm,0,1,0.213709110539119,0.321173249726447,0,0.491609445128922,0.065882649912386
1,2028,CV,1,0.93853212785131,0.837083490355659,0.706495971480476,0.536741105441668,0.311227029676281,0
1,2028,FVG,1,0.905371256525216,0.897395380137101,0.985496509754058,0.948259732797699,0.99937530626132,0
