run_no,sample_size,criterionName,4,5,6,7,8,9,10
1,2672,DB,0.501771145961684,0,1,0.555083846258378,0.390345263830333,0.564405006800453,0.327256022133266
1,2672,PB,1,0.399008266354592,0.538069867721159,0.703312550609604,0.0430821857054156,0,0.109709461528117
1,2672,D,0.86185715375175,0.715917661033899,0.980205621710818,1,0,0.524212965158693,0.524552317243789
1,2672,KL,0.294350322268629,0.136436421164341,0.283532257827647,0.619322629126857,0.308343861971423,0,1
1,2672,KLnrm,0.291011984364303,0,0.267565092526429,0.867455708796659,0.201474046472981,0,1
1,2672,CV,1,0.924088064738429,0.827432732171782,0.696870215137394,0.530343368942129,0.298896060873978,0
1,2672,FVG,0.96963343768532,0.158604157837682,0.082489698191557,1,0.146760728090785,0,0.563624765843681
