run_no,sample_size,criterionName,4,5,6,7,8,9,10
1,1280,DB,1,0.904883351093172,0.524630849854964,0.309875551733939,0.186028464812271,0,0.527232905018196
1,1280,PB,1,0.668341202919275,0.867729997187073,0.55110677298503,0.456198024194111,0,0.149973082564185
1,1280,D,0.92133797873288,0.26332301297616,1,0.822823317586551,0.822823317586551,0,0.722685657618398
1,1280,KL,1,0.819594662528841,0.283085200386287,0.6464737621582,0.433628470454155,0,0.409044790125568
1,1280,KLnrm,1,0.584501187838719,0.127337029352746,0.320483477642437,0.163384445919487,0,0.143168322122644
1,1280,CV,1,0.932163100835693,0.833052170708032,0.707145926858288,0.538096770929677,0.310021705550727,0
1,1280,FVG,0.456436590178651,0.110882261847161,0.367625465133236,0.183862969966154,0.569988722900577,0,1
