run_no,sample_size,criterionName,4,5,6,7,8,9,10
1,2934,DB,1,0.411251734420459,0.0174954213772938,0.53873973465646,0.0577452979694552,0,0.341536308953358
1,2934,PB,0.997248535805882,1,0.769343367092353,0.761172795439241,0.360339986689912,0.314087710445382,0
1,2934,D,1,0.290796367529949,0.87719056717694,0.290877625702564,0,0.000106529038863019,0.877667735587438
1,2934,KL,0.629050620408275,0.994403201574407,0.111211904132673,1,0,0.0204726965365452,0.163428996043627
1,2934,KLnrm,0.92347183491844,1,0.138454421960461,0.652307835319325,0,0.00997811628347207,0.0830545020376812
1,2934,CV,1,0.93592219153241,0.838858773388521,0.71405730241608,0.541906211974055,0.311059697357495,0
1,2934,FVG,0.308193039775278,0.515289524675648,0.0567334290491468,1,0.030761241487945,0.881137684024218,0
