run_no,sample_size,criterionName,4,5,6,7,8,9,10
1,1353,DB,1,0.511562465792519,0.387840155893351,0.363063700609851,0,0.0145697804077521,0.129912507446967
1,1353,PB,1,0.888152896428231,0.785919227847143,0.50795409296224,0.12939630975036,0.264419847123115,0
1,1353,D,0.733248900575169,0.0369732939569532,1,0.847106931317,0,0.23863074484693,0.9514866144382
1,1353,KL,1,0.202042185330208,0,0.503551310073926,0.131098041093966,0.457576765146286,0.337808383594635
1,1353,KLnrm,1,0.214522211820022,0.0273311953877608,0.278581856243286,0.0154995670565975,0.106127623179915,0
1,1353,CV,1,0.929849237326706,0.833267053173956,0.710323988366971,0.541266523835604,0.309772076950447,0
1,1353,FVG,0.730100591371474,0.564346892933934,0.789678286673516,1,0,0.753606871983747,0.352735699227769
