run_no,sample_size,criterionName,4,5,6,7,8,9,10
1,754,DB,1,0.821885418283874,0.451762171097183,0.554656923199222,0.578335780096564,0.466512907383468,0
1,754,PB,0.944570515745917,1,0.661297874169818,0.322616808570853,0.323449296884165,0.307709123744697,0
1,754,D,0.512274716016789,1,0.755413649438757,0.0101724022010968,0.602143837689789,0,0.200120215640059
1,754,KL,1,0.208076758655726,0,0.751158241809767,0.27025138698569,0.677776464955273,0.068678533284938
1,754,KLnrm,1,0.0898601161491253,0,0.531440836858025,0.108457153942848,0.262092444831241,0
1,754,CV,1,0.923168629888823,0.8303836799423,0.724199879008129,0.548233045336929,0.322789237469393,0
1,754,FVG,0.755924916130543,0.758692537373679,0.751408071247611,0.742113874346245,0.776157735478773,0,1
