run_no,sample_size,criterionName,4,5,6,7,8,9,10
1,5243,DB,1,0.431083638873431,0.233439110680469,0.162174064894079,0.0468109912188848,0.117440112728074,0
1,5243,PB,1,0.670689981431877,0.41314918442039,0.345088083281154,0.231390737803412,0.0993353777311967,0
1,5243,D,0.941043949681409,0,0.804179749097574,0.70871015535925,0.499931787703604,6.72594541289962e-08,1
1,5243,KL,1,0.415951771796514,0.112773027488796,0.401902327945385,0.263268267563568,0.558164147899319,0
1,5243,KLnrm,1,0.245614408668733,0,0.202424804864981,0.0779260875718402,0.203305132114891,0
1,5243,CV,1,0.93400934690109,0.832772976314595,0.707679778860642,0.540466822715457,0.316471101147098,0
1,5243,FVG,0.556750785429903,0.942128017968631,0,0.67136770299403,1,0.960052432629465,0.118981330504341
