run_no,sample_size,criterionName,4,5,6,7,8,9,10
1,1139,DB,0.488267469470781,0.794026509264237,0.722959394523848,0.9660891617794,1,0.405016139686441,0
1,1139,PB,0.0692407215122566,0.772443926511205,1,0.59355197036682,0.46835221405696,0.125244246264817,0
1,1139,D,0,0.196444289897669,0.0179163227970979,0.0179163227970979,0.697490174129085,1,0.440113633180415
1,1139,KL,0.158916856369676,0.341630953248879,0.263772291207243,0.224215626711506,1,0,0.0412830116370448
1,1139,KLnrm,0.0231884107786481,0.710411543891319,0.360117283872298,0.21051157062626,1,0,0
1,1139,CV,1,0.93319221231556,0.836628980552326,0.713085842315582,0.547494524107911,0.310397950501534,0
1,1139,FVG,0,0.16694880733099,0.807884628911587,0.327460050632453,1,0.293950548613802,0.062162227092305
