run_no,sample_size,criterionName,4,5,6,7,8,9,10
1,772,DB,1,0.926942798400362,0.969638900167451,0.703336240792005,0.706557300584455,0.230200167798308,0
1,772,PB,1,0.593751231383822,0.581463065649752,0.868594053501463,0.476322034994073,0.281276637337485,0
1,772,D,1,0,0.303208510967591,0.412180860430207,0.7338476468577,0.0780067797787925,0.414178786857052
1,772,KL,0.116297986150141,0.222857339484506,0.40446372303636,0,0.266815324565998,0.100609502906827,1
1,772,KLnrm,0.209248096377351,1,0.918388889003851,0,0.719103444954269,0,0.623825147809519
1,772,CV,0,0.615224235251695,0.80163235681628,0.549405259970506,1,0.798467960779056,0.488271624913898
1,772,FVG,0.990498584839561,0.976139091938793,0.762790472065749,0.993287923464993,1,0,0.762205833979873
