run_no,sample_size,criterionName,4,5,6,7,8,9,10
1,3883,DB,1,0.955282209432967,0.954933054283783,0.803408266155849,0.702525903201393,0.343173378603701,0
1,3883,PB,1,0.676217775514225,0.781538775362398,0.709779047759531,0.458183458764519,0.156102772841482,0
1,3883,D,0.593315906704926,1,0.782242962353792,0,0,0.765697000247488,0.594379627738621
1,3883,KL,0.137535040968974,0.441886732304772,0,0.204081129539552,0.300744931745123,0.224219725268457,1
1,3883,KLnrm,0.569143950927614,1,0,0.304994484310154,0.281406909596123,0.0985554635772358,0.253521680052317
1,3883,CV,0,0.755712209344832,0.813464524789219,1,0.973833358191277,0.770529006296371,0.387628932307431
1,3883,FVG,0.627055045846439,0,0.196376726481004,0.558392871578363,1,0.512035326326221,0.459789088172076
