run_no,sample_size,criterionName,4,5,6,7,8,9,10
1,1844,DB,1,0.908643738787127,0.990906975998122,0.764396461014552,0.699754891511408,0.240285779810405,0
1,1844,PB,0.951210309421142,0.894118124671144,0.970650722906048,1,0.627028956838971,0.302226310229899,0
1,1844,D,1,0.306186267860801,0,0,0.306186267860801,4.97291215246112e-05,0.10548139242005
1,1844,KL,0.195864785698981,0.219907697111411,0.338751507370932,0.14464666913136,1,0,0.342226478698069
1,1844,KLnrm,0.775749942991379,0.810715104870353,1,0.0410253547081626,0.773757601947769,0,0.336811421334724
1,1844,CV,0.0591740413604099,0.672629252604749,1,0.78308075647044,0.740042972129535,0.317085180757212,0
1,1844,FVG,0.992143776847215,0.989928020735308,0.989780264766152,1,0,0.991977236464613,0.987123259597339
