run_no,sample_size,criterionName,4,5,6,7,8,9,10
1,2478,DB,1,0.810625341376036,0.761237473774344,0.712543247274431,0.64263628778111,0.208829304670456,0
1,2478,PB,0.244162947120205,0.74135727826127,1,0.647654898122298,0.484642947374442,0.273928428987515,0
1,2478,D,1,0,0.0614385291561173,0.737966212339724,0.123052106758809,0.288309784223413,0.288309784223413
1,2478,KL,0.68569407579298,0.431167125504736,0,1,0.752784966564768,0.210199615689402,0.14911652196229
1,2478,KLnrm,0.567264678788733,0.163382906257201,0,1,0.337987561010024,0,0
1,2478,CV,0,0.502193792872001,0.445768264957946,0.790355015754828,1,0.820216715395856,0.613712903027826
1,2478,FVG,0,0.13779783530384,0.944911706248372,0.961919515947885,0.614357331092416,0.262252676383285,1
