run_no,sample_size,criterionName,4,5,6,7,8,9,10
1,5265,DB,1,0.818766486533447,0.765095585131737,0.682322651766726,0.596051330218746,0.162433951940852,0
1,5265,PB,0.919482530166585,0.935899723020202,0.97833760389409,1,0.616878301418125,0.342109115693931,0
1,5265,D,0.794216842138965,0,0,1,0.793122508106777,0.794337277656688,0.587409776152082
1,5265,KL,0.481696403672791,1,0,0.94360642092405,0.459757501123119,0.295079582581551,0.29867403052638
1,5265,KLnrm,0.449596404661385,0.734809549057041,0,1,0.191260055890762,0,0
1,5265,CV,0.38803020619597,0.747309024857883,0.771317568703959,1,0.861748348974626,0.529127002814312,0
1,5265,FVG,1,0.827933879723518,0.95829527596303,0,0.307451626871772,0.0259500482947066,0.762592786190593
