run_no,sample_size,criterionName,4,5,6,7,8,9,10
1,765,DB,1,0.730992616478716,0.590863972894789,0.637333066374593,0.445425398283026,0.283796363159052,0
1,765,PB,1,0.815376557067537,0.610117270575802,0.278778281578591,0.0964829256718527,0.0864416742642379,0
1,765,D,1,1,0.116423084855837,0.386685308893528,0.117020383520994,0,0
1,765,KL,1,0,0.401644250216255,0.522088448920234,0.056751878090409,0.415965555654917,0.0994476203792256
1,765,KLnrm,1,0,0.463976852935218,0.309690958682556,0,0.196511329289308,0
1,765,CV,0.0610326992812362,0,0.770423248615841,1,0.669479093456814,0.608812699035865,0.228691660693035
1,765,FVG,0.836772613029209,0.49817943105889,1,0.926031082772946,0,0.333019026530543,0.841457748569243
