run_no,sample_size,criterionName,4,5,6,7,8,9,10
1,2733,DB,1,0.79040033383679,0.568582182877437,0.614831234385087,0.40763735048785,0.261770419166798,0
1,2733,PB,0.956868761439364,1,0.876168354181138,0.485029013057305,0.271200520775157,0.217935363407441,0
1,2733,D,0.999972782637356,1,0.878103302752184,0.602524215975455,0,0.602524215975455,1.76464219337248e-05
1,2733,KL,1,0.355526285896507,0.504643520508079,0.943758716639319,0,0.656079651437179,0.660101759918947
1,2733,KLnrm,1,0.150543816698851,0.264032078259374,0.384633480353533,0,0.223729001839915,0.151648566129812
1,2733,CV,0,0.559554383837558,0.880802672243681,1,0.713621675874644,0.572057250686341,0.226425419922385
1,2733,FVG,0.146538905969448,0.217226374811248,0.632065821407078,0.41847489715425,0,0.372163670212679,1
