run_no,sample_size,criterionName,4,5,6,7,8,9,10
1,835,DB,1,0.779037961316743,0.586483853222078,0.608507074394652,0.450466598238489,0.290755720460976,0
1,835,PB,1,0.927560927017037,0.602508114215197,0.384748301710101,0.192062906288695,0.198071334480518,0
1,835,D,0.999894674349072,0.969487795655503,0.969564999092329,1,0.729277659043225,0.969803639956334,0
1,835,KL,1,0.0691471257542441,0.531080516044099,0.536849920427753,0,0.330182408859843,0.195574268423024
1,835,KLnrm,1,0,0.34774568103232,0.219363248217257,0,0.107243202138965,0.0350120053128935
1,835,CV,0.413688484361754,0.662803453045262,0.946931968361957,1,0.664865064456127,0.446181941822557,0
1,835,FVG,0.528008523798862,0.794779784484823,0.621674682051891,1,0.0952007504064515,0.642683308994253,0
