run_no,sample_size,criterionName,4,5,6,7,8,9,10
1,720,DB,1,0.77588986133993,0.604376487223829,0.622031101187822,0.419976882655328,0.241801749202426,0
1,720,PB,1,0.997465331146458,0.521308245895637,0.260878886289533,0.151260863966934,0.160763520747473,0
1,720,D,0.0697449133154475,0.854729400044617,0.000447038392288956,1,0,0.879915447859549,0.766307759318511
1,720,KL,0.445449645172424,0.180071637538979,0.211868061281551,0.144101859919482,0.19008419676119,0,1
1,720,KLnrm,1,0.216383596965177,0.191011113001605,0.0755503793741989,0.0899099357117408,0,0.237922275681929
1,720,CV,0.849498502866911,1,0.955456752947569,0.959174114597189,0.708773652721726,0.350169241131821,0
1,720,FVG,0.918536003588233,1,0.985999257636169,0.945657511406619,0.877568188276711,0.971596990523786,0
