run_no,sample_size,criterionName,4,5,6,7,8,9,10
1,878,DB,1,0.767961745616113,0.620420253977212,0.648431944049392,0.514614023475638,0.310674897184418,0
1,878,PB,1,0.802992724413086,0.644995437687955,0.443109428228296,0.15866481833453,0.167238242369813,0
1,878,D,0,0,0,1,0.423569825636756,0.423569825636756,0.423569825636756
1,878,KL,0.552207193908557,0.107822790089591,0.523363938343302,0.359521034124535,1,0,0.0686050034957942
1,878,KLnrm,1,0,0.702429291828816,0.30661869002578,0.511675818688272,0,0
1,878,CV,0,0.169605610949726,0.845549187406768,1,0.921334694198006,0.631779330559263,0.338411452199628
1,878,FVG,0.598845272729997,0.332261591001005,0.354829069261742,0.693719987206532,0,0.396352644601937,1
