run_no,sample_size,criterionName,4,5,6,7,8,9,10
1,2462,DB,1,0.793713079462473,0.55357816917519,0.595063159239972,0.425226083737606,0.274044094647148,0
1,2462,PB,1,0.930570702289786,0.891267884114238,0.625333491936717,0.339693962109118,0.164729772820645,0
1,2462,D,0,0.999535462786754,1,0.000195113577163049,0.000195113577163049,0.88439341732092,0.000195113577163049
1,2462,KL,0.797366961111894,0.236766276708208,0.855772999990049,0.784278587636789,0.0522991372214345,1,0
1,2462,KLnrm,1,0.0589670992412862,0.69027608504636,0.381806480374605,0,0.345253779047253,0
1,2462,CV,0,0.473761200355502,0.881719817947769,1,0.841319467506713,0.761994224680792,0.487010276019774
1,2462,FVG,0.256774297516372,0,0.481355346667094,1,0.129374056033036,0.600059278048171,0.829600370529823
