run_no,sample_size,criterionName,4,5,6,7,8,9,10
1,1281,DB,1,0.780267753075066,0.58571720985278,0.613690734610527,0.448787019130842,0.27532868776792,0
1,1281,PB,0.742679055737505,1,0.900502295610762,0.414377237126892,0.201689470621127,0.137671505137071,0
1,1281,D,1,0.0543496405986095,0.0630467123610511,0.317818845987666,0.054556836482187,0.0545956243371696,0
1,1281,KL,0.473614101660175,0.0140062189601335,0.950788885021199,0.209599660208729,0,0.187487760039912,1
1,1281,KLnrm,0.989804629065714,0.0606796924355602,1,0.182667996819974,0,0.130042630675325,0.322379335702409
1,1281,CV,0,0.568841485377101,0.983014251889,1,0.807354454970054,0.523956203144036,0.170607373349893
1,1281,FVG,0.246448900644296,0.41089956701497,1,0.579764313422768,0.30263257218453,0.465695278261902,0
