run_no,sample_size,criterionName,4,5,6,7,8,9,10
1,1544,DB,1,0.780331240512262,0.599071999628639,0.626986336239335,0.471658345484613,0.291273805662381,0
1,1544,PB,0.813751672287588,0.834657881186899,1,0.674069100307865,0.283758449044048,0.170400099927485,0
1,1544,D,1,0,9.00570687191102e-05,0.549481844037239,0.633220320783774,0.633220320783774,0.886724041761244
1,1544,KL,0.418462653712965,0,1,0.539078433668088,0.00820491123355106,0.417732466862124,0.20202640615832
1,1544,KLnrm,0.651049003044825,0,1,0.335244971605163,0,0.19696354779901,0.0647864269801491
1,1544,CV,0,0.283691405529852,0.951947483072258,1,0.820782001949769,0.715538715895633,0.367507879456483
1,1544,FVG,0.232740716954601,0,0.568989316678262,1,0.143771234350598,0.261275830594834,0.845533264194785
