run_no,sample_size,criterionName,4,5,6,7,8,9,10
1,746,DB,1,0.768466664207899,0.611476126888227,0.664370333075472,0.581341834758017,0.4123071281993,0
1,746,PB,1,0.559149632960049,0.257084495510872,0,0.181108196994297,0.221652720536198,0.227647475125931
1,746,D,0,0.000224958440092918,0.596651347196564,0.869056051423636,0.226682067667565,0.226747125914663,1
1,746,KL,1,0,0.0746084302405648,0.266161936424069,0.345183296704106,0.343599297173324,0.0175980796470205
1,746,KLnrm,1,0,0,0.36021423733664,0.244947970071603,0.107096596804897,0
1,746,CV,0.262466927959759,0,0.648767862314989,0.738988095528338,1,0.834324316153589,0.503026585385596
1,746,FVG,0.741596031601118,1,0.92723544673246,0.742927001079857,0.793713520613029,0.823629350212801,0
